Rk,Gcar,Gtm,Date,Team,,Opp,Result,GS,MP,FG,FGA,FG%,3P,3PA,3P%,2P,2PA,2P%,eFG%,FT,FTA,FT%,ORB,DRB,TRB,AST,STL,BLK,TOV,PF,PTS,GmSc,+/-
1,1,2,2021-10-22,LAL,,PHO,L 105-115,,12:00,3,4,.750,2,3,.667,1,1,1.000,1.000,0,0,,0,0,0,0,0,0,0,1,8,6.0,17
2,2,3,2021-10-24,LAL,,MEM,W 121-118,,17:50,2,3,.667,0,1,.000,2,2,1.000,.667,0,0,,0,0,0,3,0,0,0,1,4,4.4,18
3,3,4,2021-10-26,LAL,@,SAS,W 125-121 (OT),,30:13,3,5,.600,2,4,.500,1,1,1.000,.800,2,2,1.000,0,2,2,1,0,0,2,3,10,5.8,-13
4,4,5,2021-10-27,LAL,@,OKC,L 115-123,,17:46,1,4,.250,0,2,.000,1,2,.500,.250,0,0,,0,2,2,0,0,0,0,0,2,0.2,-5
5,5,6,2021-10-29,LAL,,CLE,W 113-101,,20:54,2,4,.500,1,2,.500,1,2,.500,.625,2,2,1.000,0,3,3,2,0,1,1,3,7,5.8,1
6,6,7,2021-10-31,LAL,,HOU,W 95-85,,20:11,1,2,.500,0,1,.000,1,1,1.000,.500,0,0,,0,2,2,0,0,0,3,2,2,-2.2,5
7,7,8,2021-11-02,LAL,,HOU,W 119-117,,20:48,1,3,.333,0,2,.000,1,1,1.000,.333,0,0,,0,2,2,0,1,1,1,3,2,0.4,2
8,8,9,2021-11-04,LAL,,OKC,L 104-107,,22:08,3,6,.500,2,5,.400,1,1,1.000,.667,0,0,,1,1,2,0,1,0,0,2,8,6.2,0
9,9,10,2021-11-06,LAL,@,POR,L 90-105,,24:33,3,9,.333,2,5,.400,1,4,.250,.444,2,2,1.000,1,5,6,3,0,0,1,1,10,7.8,17
10,10,11,2021-11-08,LAL,,CHO,W 126-123 (OT),,27:00,3,6,.500,0,3,.000,3,3,1.000,.500,2,2,1.000,0,1,1,1,1,0,0,5,8,5.0,3
11,11,22,2021-11-28,LAL,,DET,W 110-106,,05:59,0,0,,0,0,,0,0,,,0,0,,0,0,0,1,0,0,2,1,0,-1.7,2
12,12,23,2021-11-30,LAL,@,SAC,W 117-92,,18:13,1,2,.500,0,0,,1,2,.500,.500,1,2,.500,2,3,5,1,0,0,0,0,3,4.6,8
13,13,24,2021-12-03,LAL,,LAC,L 115-119,,08:59,1,3,.333,0,2,.000,1,1,1.000,.333,0,1,.000,0,1,1,1,0,0,0,2,2,0.1,-5
14,14,25,2021-12-07,LAL,,BOS,W 117-102,,03:10,0,0,,0,0,,0,0,,,0,0,,0,0,0,0,0,0,0,0,0,0.0,-3
15,15,27,2021-12-10,LAL,@,OKC,W 116-95,,27:57,4,7,.571,1,3,.333,3,4,.750,.643,4,4,1.000,1,4,5,2,0,0,1,0,13,12.0,17
16,16,28,2021-12-12,LAL,,ORL,W 106-94,,25:14,1,4,.250,1,2,.500,0,2,.000,.375,2,2,1.000,0,4,4,1,0,0,0,1,5,4.1,-2
17,17,29,2021-12-15,LAL,@,DAL,W 107-104 (OT),,32:13,5,6,.833,5,6,.833,0,0,,1.250,0,0,,0,7,7,2,1,0,1,4,15,14.7,10
18,18,37,2021-12-31,LAL,,POR,W 139-106,,26:38,3,7,.429,1,4,.250,2,3,.667,.500,3,3,1.000,1,0,1,1,1,0,0,2,10,7.9,13
19,19,38,2022-01-02,LAL,,MIN,W 108-103,,22:03,1,1,1.000,0,0,,1,1,1.000,1.000,0,0,,0,4,4,2,0,0,0,0,2,4.3,0
20,20,39,2022-01-04,LAL,,SAC,W 122-114,,21:39,0,1,.000,0,1,.000,0,0,,.000,0,0,,0,2,2,1,0,0,0,1,0,0.2,10
21,21,40,2022-01-07,LAL,,ATL,W 134-118,,18:20,1,3,.333,0,2,.000,1,1,1.000,.333,0,0,,1,0,1,2,2,0,0,2,2,3.6,10
22,22,41,2022-01-09,LAL,,MEM,L 119-127,,22:44,6,8,.750,1,2,.500,5,6,.833,.813,3,4,.750,0,0,0,0,0,1,0,3,16,11.9,7
23,23,42,2022-01-12,LAL,@,SAC,L 116-125,,27:45,7,10,.700,4,7,.571,3,3,1.000,.900,1,1,1.000,2,1,3,0,0,0,0,1,19,16.1,0
24,24,43,2022-01-15,LAL,@,DEN,L 96-133,,26:41,1,5,.200,0,1,.000,1,4,.250,.200,3,4,.750,0,4,4,1,0,0,2,0,5,1.4,-32
25,25,44,2022-01-17,LAL,,UTA,W 101-95,,21:25,2,5,.400,0,2,.000,2,3,.667,.400,0,0,,2,3,5,1,0,0,0,3,4,3.1,13
26,26,45,2022-01-19,LAL,,IND,L 104-111,,24:37,1,5,.200,0,3,.000,1,2,.500,.200,0,0,,1,3,4,2,0,0,2,1,2,-0.5,5
27,27,46,2022-01-21,LAL,@,ORL,W 116-105,,23:09,0,2,.000,0,2,.000,0,0,,.000,5,6,.833,0,3,3,0,1,0,0,1,5,4.7,3
28,28,47,2022-01-23,LAL,@,MIA,L 107-113,,08:50,0,1,.000,0,0,,0,1,.000,.000,2,2,1.000,0,0,0,1,0,0,1,0,2,1.0,1
29,29,48,2022-01-25,LAL,@,BRK,W 106-96,,24:47,1,3,.333,0,2,.000,1,1,1.000,.333,0,0,,4,1,5,6,1,1,0,1,2,8.9,13
30,30,49,2022-01-27,LAL,@,PHI,L 87-105,,22:57,0,4,.000,0,3,.000,0,1,.000,.000,0,0,,0,1,1,2,0,1,0,0,0,-0.4,-16
31,31,50,2022-01-28,LAL,@,CHO,L 114-117,,27:55,6,12,.500,2,6,.333,4,6,.667,.583,2,3,.667,2,6,8,3,0,0,0,2,16,14.1,9
32,32,51,2022-01-30,LAL,@,ATL,L 121-129,,25:34,1,3,.333,1,3,.333,0,0,,.500,3,4,.750,0,2,2,2,1,1,0,3,6,6.4,-2
33,33,52,2022-02-02,LAL,,POR,W 99-94,,22:10,0,2,.000,0,2,.000,0,0,,.000,0,0,,0,3,3,0,1,0,1,0,0,-0.5,3
34,34,53,2022-02-03,LAL,@,LAC,L 110-111,,25:20,2,2,1.000,1,1,1.000,1,1,1.000,1.250,0,0,,1,1,2,2,0,1,1,2,5,5.7,6
35,35,54,2022-02-05,LAL,,NYK,W 122-115 (OT),,18:28,2,5,.400,0,2,.000,2,3,.667,.400,5,5,1.000,0,3,3,0,0,1,1,0,9,6.9,5
36,36,55,2022-02-08,LAL,,MIL,L 116-131,,20:04,4,6,.667,2,4,.500,2,2,1.000,.833,0,0,,1,0,1,0,0,0,0,0,10,8.1,-2
37,37,56,2022-02-09,LAL,@,POR,L 105-107,,13:19,2,4,.500,1,2,.500,1,2,.500,.625,0,2,.000,1,0,1,2,0,0,0,0,5,4.3,1
38,38,57,2022-02-12,LAL,@,GSW,L 115-117,,23:22,5,5,1.000,1,1,1.000,4,4,1.000,1.100,2,2,1.000,1,2,3,2,0,2,0,1,13,15.2,-3
39,39,58,2022-02-16,LAL,,UTA,W 106-101,,28:58,3,6,.500,1,4,.250,2,2,1.000,.583,2,3,.667,0,4,4,2,1,0,0,1,9,8.8,8
40,40,59,2022-02-25,LAL,,LAC,L 102-105,*,32:39,2,4,.500,0,2,.000,2,2,1.000,.500,2,2,1.000,1,0,1,3,0,2,1,4,6,5.6,-2
41,41,60,2022-02-27,LAL,,NOP,L 95-123,*,21:14,1,5,.200,0,4,.000,1,1,1.000,.200,0,0,,0,0,0,0,0,0,0,2,2,-1.9,-20
42,42,61,2022-03-01,LAL,,DAL,L 104-109,*,16:40,1,6,.167,0,3,.000,1,3,.333,.167,0,0,,0,4,4,2,1,1,1,4,2,-0.1,7
43,43,62,2022-03-03,LAL,@,LAC,L 111-132,*,26:10,3,7,.429,2,3,.667,1,4,.250,.571,1,1,1.000,0,1,1,3,1,1,0,1,9,9.0,-19
44,44,63,2022-03-05,LAL,,GSW,W 124-116,*,33:31,3,7,.429,3,5,.600,0,2,.000,.643,1,1,1.000,2,3,5,2,3,2,2,3,10,11.2,18
45,45,64,2022-03-07,LAL,@,SAS,L 110-117,*,27:06,6,8,.750,1,1,1.000,5,7,.714,.813,0,0,,1,5,6,0,0,0,1,3,13,9.8,11
46,46,65,2022-03-09,LAL,@,HOU,L 130-139 (OT),*,33:03,4,7,.571,3,6,.500,1,1,1.000,.786,6,6,1.000,0,4,4,2,1,1,2,2,17,15.2,-10
47,47,66,2022-03-11,LAL,,WAS,W 122-109,*,31:50,6,10,.600,0,4,.000,6,6,1.000,.600,0,0,,0,5,5,3,0,1,1,1,12,10.3,12
48,48,67,2022-03-13,LAL,@,PHO,L 111-140,*,25:24,2,4,.500,1,2,.500,1,2,.500,.625,5,6,.833,0,4,4,0,1,0,1,0,10,8.8,-32
49,49,68,2022-03-14,LAL,,TOR,L 103-114,*,16:53,1,7,.143,0,4,.000,1,3,.333,.143,1,2,.500,0,2,2,0,0,0,1,0,3,-2.3,-24
50,50,69,2022-03-16,LAL,@,MIN,L 104-124,*,21:34,3,5,.600,1,2,.500,2,3,.667,.700,0,0,,0,3,3,1,0,0,1,0,7,5.3,0
51,51,70,2022-03-18,LAL,@,TOR,W 128-123 (OT),,27:00,3,10,.300,2,7,.286,1,3,.333,.400,2,2,1.000,1,6,7,6,2,0,0,1,10,12.5,18
52,52,71,2022-03-19,LAL,@,WAS,L 119-127,*,27:07,3,6,.500,1,4,.250,2,2,1.000,.583,2,2,1.000,1,1,2,2,1,0,0,3,9,8.2,7
53,53,72,2022-03-21,LAL,@,CLE,W 131-120,*,29:22,4,9,.444,1,1,1.000,3,8,.375,.500,2,2,1.000,4,1,5,6,0,1,0,1,11,13.9,-6
54,54,73,2022-03-23,LAL,,PHI,L 121-126,*,29:07,2,6,.333,0,1,.000,2,5,.400,.333,0,0,,2,0,2,1,2,0,1,1,4,3.3,-12
55,55,74,2022-03-27,LAL,@,NOP,L 108-116,*,19:44,0,2,.000,0,1,.000,0,1,.000,.000,0,0,,1,5,6,6,1,0,1,1,0,4.6,-16
56,56,75,2022-03-29,LAL,@,DAL,L 110-128,*,17:28,1,6,.167,0,4,.000,1,2,.500,.167,1,2,.500,2,3,5,2,0,0,1,3,3,0.3,-20
57,57,76,2022-03-31,LAL,@,UTA,L 109-122,,16:37,0,1,.000,0,1,.000,0,0,,.000,3,4,.750,1,1,2,0,0,0,1,1,3,1.5,1
58,58,79,2022-04-05,LAL,@,PHO,L 110-121,,30:58,6,10,.600,2,6,.333,4,4,1.000,.700,4,6,.667,1,3,4,6,1,0,2,2,18,16.6,9
59,59,80,2022-04-07,LAL,@,GSW,L 112-128,*,32:31,3,8,.375,1,4,.250,2,4,.500,.438,5,6,.833,0,3,3,1,0,0,0,0,12,8.8,-3
60,60,81,2022-04-08,LAL,,OKC,W 120-101,*,28:06,3,5,.600,1,2,.500,2,3,.667,.700,4,6,.667,0,4,4,4,1,0,0,1,11,12.5,-1
61,61,82,2022-04-10,LAL,@,DEN,W 146-141 (OT),*,41:34,7,17,.412,3,5,.600,4,12,.333,.500,14,14,1.000,6,10,16,10,2,1,3,0,31,35.8,12
1,62,1,2022-10-18,LAL,@,GSW,L 109-123,,16:00,1,3,.333,0,2,.000,1,1,1.000,.333,1,1,1.000,0,0,0,1,0,0,0,1,3,1.6,-6
2,63,2,2022-10-20,LAL,,LAC,L 97-103,,21:55,1,2,.500,0,1,.000,1,1,1.000,.500,2,2,1.000,2,2,4,2,0,0,0,5,4,4.4,0
3,64,3,2022-10-23,LAL,,POR,L 104-106,,18:58,2,5,.400,2,4,.500,0,1,.000,.600,1,1,1.000,0,0,0,1,1,0,2,1,7,3.6,-6
4,65,4,2022-10-26,LAL,@,DEN,L 99-110,*,26:29,3,5,.600,2,3,.667,1,2,.500,.800,0,0,,0,2,2,1,0,0,1,0,8,6.0,-23
5,66,5,2022-10-28,LAL,@,MIN,L 102-111,,26:35,4,5,.800,2,3,.667,2,2,1.000,1.000,2,2,1.000,1,6,7,3,0,0,2,0,12,12.7,8
6,67,6,2022-10-30,LAL,,DEN,W 121-110,,27:36,3,6,.500,2,4,.500,1,2,.500,.667,2,3,.667,0,4,4,2,1,1,0,1,10,10.5,15
7,68,7,2022-11-02,LAL,,NOP,W 120-117 (OT),,34:27,2,6,.333,0,3,.000,2,3,.667,.333,3,3,1.000,0,0,0,2,2,0,1,1,7,5.6,-11
8,69,8,2022-11-04,LAL,,UTA,L 116-130,,21:41,1,1,1.000,1,1,1.000,0,0,,1.500,2,2,1.000,0,2,2,3,1,2,1,1,5,8.4,-4
9,70,9,2022-11-06,LAL,,CLE,L 100-114,,25:25,0,2,.000,0,1,.000,0,1,.000,.000,1,1,1.000,0,4,4,0,0,1,2,3,1,-1.7,-12
10,71,10,2022-11-07,LAL,@,UTA,L 116-139,*,29:48,2,6,.333,0,3,.000,2,3,.667,.333,7,7,1.000,0,4,4,1,0,0,0,0,11,9.5,-14
11,72,11,2022-11-09,LAL,@,LAC,L 101-114,*,35:16,3,10,.300,1,5,.200,2,5,.400,.350,1,3,.333,4,5,9,1,0,0,1,0,8,5.4,1
12,73,12,2022-11-11,LAL,,SAC,L 114-120,,33:04,7,12,.583,0,2,.000,7,10,.700,.583,5,5,1.000,2,3,5,1,1,0,3,1,19,14.0,2
13,74,13,2022-11-13,LAL,,BRK,W 116-103,*,32:36,5,8,.625,3,4,.750,2,4,.500,.813,2,3,.667,0,1,1,3,0,0,1,2,15,11.6,20
14,75,14,2022-11-18,LAL,,DET,W 128-121,*,36:23,5,8,.625,2,4,.500,3,4,.750,.750,4,4,1.000,1,3,4,6,0,1,0,2,16,18.1,14
15,76,15,2022-11-20,LAL,,SAS,W 123-92,*,27:17,7,11,.636,3,4,.750,4,7,.571,.773,4,4,1.000,1,1,2,3,0,0,1,1,21,17.8,19
16,77,16,2022-11-22,LAL,@,PHO,L 105-115,*,35:36,3,5,.600,0,1,.000,3,4,.750,.600,5,5,1.000,1,2,3,4,0,1,1,5,11,10.5,-2
17,78,17,2022-11-25,LAL,@,SAS,W 105-94,,29:18,3,8,.375,0,3,.000,3,5,.600,.375,2,2,1.000,1,5,6,2,1,0,2,1,8,5.8,15
18,79,18,2022-11-26,LAL,@,SAS,W 143-138,,30:50,6,7,.857,1,2,.500,5,5,1.000,.929,3,3,1.000,0,2,2,2,1,0,2,3,16,13.3,3
19,80,19,2022-11-28,LAL,,IND,L 115-116,,31:17,2,4,.500,2,3,.667,0,1,.000,.750,7,7,1.000,0,2,2,1,0,0,1,1,13,10.9,6
20,81,20,2022-11-30,LAL,,POR,W 128-109,*,34:55,7,10,.700,2,5,.400,5,5,1.000,.800,6,8,.750,2,3,5,3,1,1,0,1,22,22.7,10
21,82,21,2022-12-02,LAL,@,MIL,W 133-129,,32:17,2,4,.500,1,2,.500,1,2,.500,.625,2,2,1.000,1,1,2,2,0,0,1,0,7,6.4,17
22,83,22,2022-12-04,LAL,@,WAS,W 130-119,,24:35,2,4,.500,0,2,.000,2,2,1.000,.500,1,1,1.000,0,3,3,0,0,0,0,1,5,3.5,-4
23,84,23,2022-12-06,LAL,@,CLE,L 102-116,,25:58,3,9,.333,0,4,.000,3,5,.600,.333,2,2,1.000,0,0,0,0,1,0,2,2,8,1.1,-20
24,85,24,2022-12-07,LAL,@,TOR,L 113-126,*,28:26,4,12,.333,1,6,.167,3,6,.500,.375,1,1,1.000,1,1,2,3,0,0,0,3,10,5.1,-11
25,86,25,2022-12-09,LAL,@,PHI,L 122-133 (OT),,40:50,9,15,.600,4,6,.667,5,9,.556,.733,3,4,.750,1,1,2,5,2,0,3,5,25,19.2,-4
26,87,26,2022-12-11,LAL,@,DET,W 124-117,,28:35,3,6,.500,3,5,.600,0,1,.000,.750,0,0,,0,3,3,2,0,1,3,0,9,6.0,3
27,88,27,2022-12-13,LAL,,BOS,L 118-122 (OT),,35:35,2,6,.333,0,2,.000,2,4,.500,.333,0,0,,1,3,4,5,2,2,0,3,4,7.9,8
28,89,28,2022-12-16,LAL,,DEN,W 126-108,,29:56,5,9,.556,2,5,.400,3,4,.750,.667,4,4,1.000,1,3,4,0,1,1,2,3,16,11.8,26
29,90,29,2022-12-18,LAL,,WAS,W 119-117,*,33:31,4,5,.800,2,2,1.000,2,3,.667,1.000,2,2,1.000,0,4,4,2,1,1,1,2,12,12.6,15
30,91,32,2022-12-23,LAL,,CHO,L 130-134,,28:40,6,10,.600,3,6,.500,3,4,.750,.750,5,7,.714,1,1,2,2,1,0,3,0,20,15.0,3
31,92,33,2022-12-25,LAL,@,DAL,L 115-124,,28:46,5,7,.714,1,2,.500,4,5,.800,.786,5,5,1.000,1,1,2,0,0,2,2,3,16,12.3,-15
32,93,34,2022-12-27,LAL,@,ORL,W 129-110,,26:26,3,7,.429,2,6,.333,1,1,1.000,.571,0,0,,0,3,3,5,1,0,2,0,8,7.7,12
33,94,35,2022-12-28,LAL,@,MIA,L 98-112,,19:56,0,5,.000,0,4,.000,0,1,.000,.000,0,0,,0,0,0,1,1,0,4,1,0,-6.2,-9
34,95,36,2022-12-30,LAL,@,ATL,W 130-121,*,25:36,1,13,.077,1,9,.111,0,4,.000,.115,2,2,1.000,0,3,3,1,0,0,2,4,5,-5.7,-6
35,96,37,2023-01-02,LAL,@,CHO,W 121-115,,22:09,5,7,.714,2,2,1.000,3,5,.600,.857,3,5,.600,0,6,6,7,1,0,1,0,15,18.0,6
36,97,38,2023-01-04,LAL,,MIA,W 112-109,*,32:03,3,11,.273,0,4,.000,3,7,.429,.273,5,5,1.000,1,4,5,3,0,0,2,3,11,5.3,15
37,98,55,2023-02-07,LAL,,OKC,L 130-133,,06:50,0,2,.000,0,1,.000,0,1,.000,.000,0,0,,0,1,1,1,0,0,0,2,0,-1.2,-7
38,99,56,2023-02-09,LAL,,MIL,L 106-115,,24:40,7,11,.636,3,4,.750,4,7,.571,.773,1,2,.500,1,3,4,2,1,0,2,3,18,13.5,-1
39,100,57,2023-02-11,LAL,@,GSW,W 109-103,,26:16,2,5,.400,1,2,.500,1,3,.333,.500,3,4,.750,0,2,2,1,0,1,2,1,8,4.5,3
40,101,58,2023-02-13,LAL,@,POR,L 115-127,,25:18,3,5,.600,1,3,.333,2,2,1.000,.700,3,4,.750,0,2,2,2,0,0,1,0,10,8.3,-25
41,102,59,2023-02-15,LAL,,NOP,W 120-102,,22:06,1,2,.500,1,2,.500,0,0,,.750,2,3,.667,1,1,2,3,0,0,0,2,5,5.9,-1
42,103,60,2023-02-23,LAL,,GSW,W 124-111,,18:49,6,6,1.000,1,1,1.000,5,5,1.000,1.083,4,4,1.000,0,2,2,4,2,0,0,1,17,20.2,10
43,104,61,2023-02-26,LAL,@,DAL,W 111-108,,27:17,3,6,.500,1,3,.333,2,3,.667,.583,2,3,.667,0,3,3,3,0,0,2,2,9,5.8,-10
44,105,62,2023-02-28,LAL,@,MEM,L 109-121,,27:00,5,8,.625,4,7,.571,1,1,1.000,.875,3,3,1.000,0,2,2,7,1,1,4,2,17,15.8,-17
45,106,63,2023-03-01,LAL,@,OKC,W 123-117,,24:38,5,5,1.000,1,1,1.000,4,4,1.000,1.100,8,9,.889,0,0,0,4,1,0,1,1,19,19.5,-3
46,107,64,2023-03-03,LAL,,MIN,L 102-110,,21:18,2,9,.222,0,2,.000,2,7,.286,.222,2,2,1.000,1,2,3,3,0,0,2,0,6,1.9,-10
47,108,65,2023-03-05,LAL,,GSW,W 113-105,,27:39,5,9,.556,3,5,.600,2,4,.500,.722,3,4,.750,0,2,2,8,1,1,2,2,16,16.4,11
48,109,66,2023-03-07,LAL,,MEM,W 112-103,,32:42,6,13,.462,1,3,.333,5,10,.500,.500,4,6,.667,0,4,4,7,1,0,0,3,17,15.4,11
49,110,67,2023-03-10,LAL,,TOR,W 122-112,,32:28,6,10,.600,0,2,.000,6,8,.750,.600,6,6,1.000,0,2,2,5,0,1,1,3,18,16.0,26
50,111,68,2023-03-12,LAL,,NYK,L 108-112,,25:15,4,6,.667,1,2,.500,3,4,.750,.750,4,5,.800,0,1,1,4,0,0,3,1,13,9.7,-3
51,112,69,2023-03-14,LAL,@,NOP,W 123-108,,28:41,4,5,.800,3,4,.750,1,1,1.000,1.100,3,5,.600,1,3,4,5,1,0,4,1,14,13.0,-2
52,113,70,2023-03-15,LAL,@,HOU,L 110-114,,26:47,6,14,.429,1,7,.143,5,7,.714,.464,11,13,.846,0,4,4,7,1,0,1,1,24,21.5,1
53,114,71,2023-03-17,LAL,,DAL,L 110-111,,32:21,5,8,.625,0,1,.000,5,7,.714,.625,6,9,.667,0,5,5,2,1,1,1,1,16,14.4,10
54,115,72,2023-03-19,LAL,,ORL,W 111-105,,30:27,9,14,.643,1,4,.250,8,10,.800,.679,16,18,.889,1,5,6,6,0,0,3,3,35,30.2,25
55,116,73,2023-03-22,LAL,,PHO,W 122-111,*,38:48,6,10,.600,1,1,1.000,5,9,.556,.650,12,13,.923,0,4,4,11,1,0,2,2,25,27.1,18
56,117,74,2023-03-24,LAL,,OKC,W 116-111,*,38:14,3,12,.250,1,5,.200,2,7,.286,.292,4,4,1.000,3,3,6,9,0,0,3,3,11,8.9,4
57,118,75,2023-03-26,LAL,,CHI,L 108-118,*,37:19,6,10,.600,1,3,.333,5,7,.714,.650,0,1,.000,0,3,3,7,0,0,5,2,13,8.0,-11
58,119,76,2023-03-29,LAL,@,CHI,W 121-110,*,28:52,7,8,.875,1,2,.500,6,6,1.000,.938,4,4,1.000,0,2,2,5,1,0,1,0,19,20.3,28
59,120,77,2023-03-31,LAL,@,MIN,W 123-111,*,30:29,4,9,.444,2,3,.667,2,6,.333,.556,5,6,.833,2,4,6,2,0,0,2,1,15,11.5,
60,121,78,2023-04-02,LAL,@,HOU,W 134-109,*,32:44,4,7,.571,1,2,.500,3,5,.600,.643,9,10,.900,0,1,1,8,0,0,2,2,18,17.4,15
61,122,79,2023-04-04,LAL,@,UTA,W 135-133 (OT),*,41:32,8,13,.615,4,7,.571,4,6,.667,.769,8,8,1.000,0,3,3,6,0,0,2,1,28,24.8,10
62,123,80,2023-04-05,LAL,@,LAC,L 118-125,*,30:41,6,11,.545,3,6,.500,3,5,.600,.682,5,5,1.000,0,4,4,2,0,0,2,5,20,13.3,9
63,124,81,2023-04-07,LAL,,PHO,W 121-107,*,31:15,9,13,.692,1,4,.250,8,9,.889,.731,3,5,.600,0,0,0,5,1,0,2,1,22,17.8,18
64,125,82,2023-04-09,LAL,,UTA,W 128-117,*,33:59,3,5,.600,3,4,.750,0,1,.000,.900,3,3,1.000,0,4,4,6,0,0,0,2,12,14.3,20
1,126,1,2023-10-24,LAL,@,DEN,L 107-119,*,31:20,4,11,.364,1,2,.500,3,9,.333,.409,5,7,.714,4,4,8,4,2,0,2,2,14,13.1,-14
2,127,2,2023-10-26,LAL,,PHO,W 100-95,*,27:54,4,7,.571,1,2,.500,3,5,.600,.643,1,2,.500,1,1,2,1,1,0,1,5,10,6.0,-11
3,128,3,2023-10-29,LAL,@,SAC,L 127-132 (OT),*,27:32,1,12,.083,1,8,.125,0,4,.000,.125,2,2,1.000,0,2,2,2,1,0,3,2,5,-3.8,-12
4,129,4,2023-10-30,LAL,,ORL,W 106-103,*,31:19,5,12,.417,1,4,.250,4,8,.500,.458,0,0,,0,3,3,3,0,1,3,0,11,5.3,-14
5,130,5,2023-11-01,LAL,,LAC,W 130-125 (OT),*,37:37,5,13,.385,0,3,.000,5,10,.500,.385,5,5,1.000,2,5,7,7,3,0,5,4,15,12.1,-5
6,131,6,2023-11-04,LAL,@,ORL,L 101-120,*,34:00,7,11,.636,3,5,.600,4,6,.667,.773,3,4,.750,0,2,2,2,2,0,1,0,20,17.7,6
7,132,7,2023-11-06,LAL,@,MIA,L 107-108,*,40:08,9,14,.643,3,8,.375,6,6,1.000,.750,2,3,.667,3,7,10,9,1,0,4,1,23,23.5,2
8,133,8,2023-11-08,LAL,@,HOU,L 94-128,*,25:56,2,9,.222,0,4,.000,2,5,.400,.222,3,3,1.000,0,1,1,4,2,0,2,1,7,4.2,-28
9,134,9,2023-11-10,LAL,@,PHO,W 122-119,,35:24,6,11,.545,2,4,.500,4,7,.571,.636,1,1,1.000,0,1,1,7,1,0,2,1,15,13.5,-2
10,135,10,2023-11-12,LAL,,POR,W 116-110,,28:28,6,12,.500,2,4,.500,4,8,.500,.583,4,4,1.000,0,4,4,4,0,0,1,0,18,15.0,3
11,136,11,2023-11-14,LAL,,MEM,W 134-107,,29:11,5,9,.556,4,4,1.000,1,5,.200,.778,2,3,.667,2,10,12,7,0,0,3,0,16,17.6,13
12,137,12,2023-11-15,LAL,,SAC,L 110-125,,33:40,4,10,.400,0,5,.000,4,5,.800,.400,1,2,.500,2,9,11,8,1,0,4,1,9,9.5,0
13,138,13,2023-11-17,LAL,@,POR,W 107-95,,17:59,1,4,.250,0,0,,1,4,.250,.250,5,6,.833,1,1,2,4,0,0,3,0,7,5.0,10
14,139,14,2023-11-19,LAL,,HOU,W 105-104,,25:18,5,7,.714,2,3,.667,3,4,.750,.857,5,6,.833,0,6,6,6,0,0,2,0,17,17.7,9
15,140,15,2023-11-21,LAL,,UTA,W 131-99,,26:22,7,13,.538,1,4,.250,6,9,.667,.577,4,4,1.000,0,5,5,5,3,0,2,0,19,18.7,10
16,141,16,2023-11-22,LAL,,DAL,L 101-104,,31:25,7,14,.500,1,5,.200,6,9,.667,.536,2,3,.667,1,5,6,6,0,0,2,5,17,12.0,-3
17,142,17,2023-11-25,LAL,@,CLE,W 121-115,,32:21,4,8,.500,1,2,.500,3,6,.500,.563,6,6,1.000,1,4,5,10,2,0,2,1,15,19.5,-2
18,143,18,2023-11-27,LAL,@,PHI,L 94-138,,28:35,4,10,.400,1,4,.250,3,6,.500,.450,3,3,1.000,0,2,2,2,0,0,3,2,12,4.8,-19
19,144,19,2023-11-29,LAL,@,DET,W 133-107,,24:20,3,8,.375,0,4,.000,3,4,.750,.375,0,0,,1,2,3,4,0,1,2,2,6,3.6,13
20,145,20,2023-11-30,LAL,@,OKC,L 110-133,,28:47,5,9,.556,1,4,.250,4,5,.800,.611,3,3,1.000,0,2,2,3,0,0,2,2,14,9.6,-23
21,146,21,2023-12-02,LAL,,HOU,W 107-97,,22:09,6,11,.545,1,4,.250,5,7,.714,.591,5,6,.833,1,3,4,1,3,0,1,2,18,15.8,15
22,147,22,2023-12-05,LAL,,PHO,W 106-103,,26:53,7,16,.438,3,8,.375,4,8,.500,.531,3,3,1.000,2,4,6,2,0,0,3,1,20,12.2,17
23,148,23,2023-12-07,LAL,,NOP,W 133-89,,23:12,5,9,.556,3,6,.500,2,3,.667,.722,4,4,1.000,0,5,5,7,1,0,2,0,17,18.1,21
24,149,24,2023-12-12,LAL,@,DAL,L 125-127,,31:48,7,14,.500,4,7,.571,3,7,.429,.643,4,5,.800,0,5,5,8,0,0,3,2,22,17.9,4
25,150,25,2023-12-13,LAL,@,SAS,W 122-119,,29:11,6,10,.600,3,6,.500,3,4,.750,.750,0,0,,2,2,4,8,1,0,1,2,15,17.2,-9
26,151,26,2023-12-15,LAL,@,SAS,L 115-129,*,34:04,8,18,.444,4,10,.400,4,8,.500,.556,2,2,1.000,2,5,7,4,0,0,2,0,22,16.3,-8
27,152,27,2023-12-18,LAL,,NYK,L 109-114,,33:10,6,15,.400,3,7,.429,3,8,.375,.500,5,5,1.000,0,3,3,7,1,0,4,2,20,13.9,7
28,153,28,2023-12-20,LAL,@,CHI,L 108-124,,27:52,9,14,.643,2,5,.400,7,9,.778,.714,1,1,1.000,0,0,0,3,1,1,3,1,21,15.2,-22
29,154,29,2023-12-21,LAL,@,MIN,L 111-118,,27:11,7,14,.500,1,4,.250,6,10,.600,.536,5,5,1.000,2,6,8,5,2,0,4,2,20,16.9,-9
30,155,30,2023-12-23,LAL,@,OKC,W 129-120,,28:24,4,8,.500,2,5,.400,2,3,.667,.625,1,1,1.000,0,3,3,9,0,0,1,3,11,12.0,-2
31,156,31,2023-12-25,LAL,,BOS,L 115-126,,28:15,4,9,.444,2,3,.667,2,6,.333,.556,1,1,1.000,4,2,6,3,1,0,2,3,11,9.6,-1
32,157,32,2023-12-28,LAL,,CHO,W 133-112,,23:54,6,8,.750,2,3,.667,4,5,.800,.875,2,2,1.000,0,2,2,4,1,0,0,4,16,15.6,9
33,158,33,2023-12-30,LAL,@,MIN,L 106-108,,29:05,2,11,.182,0,5,.000,2,6,.333,.182,5,6,.833,1,1,2,0,0,0,1,2,9,0.9,2
34,159,34,2023-12-31,LAL,@,NOP,L 109-129,,36:11,7,12,.583,1,5,.200,6,7,.857,.625,5,6,.833,1,1,2,9,1,1,0,3,20,21.8,-19
35,160,35,2024-01-03,LAL,,MIA,L 96-110,*,36:47,7,12,.583,2,6,.333,5,6,.833,.667,8,9,.889,0,5,5,8,0,0,3,2,24,21.3,-2
36,161,36,2024-01-05,LAL,,MEM,L 113-127,*,40:00,8,14,.571,0,3,.000,8,11,.727,.571,3,4,.750,0,7,7,12,2,0,1,4,19,21.9,-23
37,162,37,2024-01-07,LAL,,LAC,W 106-103,*,32:11,2,5,.400,0,3,.000,2,2,1.000,.400,4,5,.800,0,0,0,2,0,0,2,0,8,4.3,-4
38,163,38,2024-01-09,LAL,,TOR,W 132-131,*,31:54,3,10,.300,1,6,.167,2,4,.500,.350,4,4,1.000,0,3,3,7,1,0,0,2,11,11.2,-2
39,164,39,2024-01-11,LAL,,PHO,L 109-127,*,30:22,4,7,.571,2,3,.667,2,4,.500,.714,3,3,1.000,1,0,1,6,1,0,3,2,13,11.8,-23
40,165,40,2024-01-13,LAL,@,UTA,L 125-132,*,30:54,7,8,.875,1,2,.500,6,6,1.000,.938,4,6,.667,1,3,4,2,0,0,1,6,19,15.0,-21
41,166,41,2024-01-15,LAL,,OKC,W 112-105,*,33:10,6,10,.600,1,3,.333,5,7,.714,.650,2,2,1.000,0,3,3,7,0,1,2,0,15,14.9,9
42,167,42,2024-01-17,LAL,,DAL,W 127-110,*,29:30,6,8,.750,2,2,1.000,4,6,.667,.875,0,0,,0,3,3,7,1,0,3,2,14,13.8,20
43,168,43,2024-01-19,LAL,,BRK,L 112-130,*,33:25,4,12,.333,0,6,.000,4,6,.667,.333,1,1,1.000,0,3,3,5,1,0,0,2,9,6.8,-13
44,169,44,2024-01-21,LAL,,POR,W 134-110,*,25:36,5,10,.500,3,4,.750,2,6,.333,.650,2,2,1.000,1,3,4,2,1,0,1,1,15,12.6,4
45,170,45,2024-01-23,LAL,@,LAC,L 116-127,*,33:56,5,14,.357,2,8,.250,3,6,.500,.429,0,0,,0,2,2,5,2,1,3,3,12,6.8,-8
46,171,46,2024-01-25,LAL,,CHI,W 141-132,*,33:13,7,9,.778,2,3,.667,5,6,.833,.889,4,4,1.000,0,3,3,8,0,0,1,4,20,20.4,14
47,172,47,2024-01-27,LAL,@,GSW,W 145-144 (2OT),*,46:46,4,14,.286,1,7,.143,3,7,.429,.321,8,9,.889,0,2,2,6,2,0,5,3,17,9.0,4
48,173,48,2024-01-29,LAL,@,HOU,L 119-135,*,29:44,3,8,.375,1,3,.333,2,5,.400,.438,1,2,.500,1,2,3,5,1,0,2,1,8,6.6,-11
49,174,49,2024-01-30,LAL,@,ATL,L 122-138,*,32:21,10,19,.526,3,8,.375,7,11,.636,.605,5,7,.714,0,0,0,6,2,0,2,1,28,21.7,-15
50,175,50,2024-02-01,LAL,@,BOS,W 114-105,*,34:34,10,18,.556,7,10,.700,3,8,.375,.750,5,7,.714,0,2,2,3,0,0,0,1,32,24.9,16
51,176,51,2024-02-03,LAL,@,NYK,W 113-105,*,38:47,6,13,.462,3,6,.500,3,7,.429,.577,7,8,.875,0,6,6,7,0,2,1,3,22,20.8,8
52,177,52,2024-02-05,LAL,@,CHO,W 124-118,*,36:10,3,8,.375,0,5,.000,3,3,1.000,.375,3,3,1.000,0,4,4,11,1,1,5,3,9,9.0,15
53,178,53,2024-02-08,LAL,,DEN,L 106-114,*,36:16,6,16,.375,2,7,.286,4,9,.444,.438,1,2,.500,1,1,2,10,2,0,1,2,15,14.0,-9
54,179,54,2024-02-09,LAL,,NOP,W 139-122,*,31:22,10,15,.667,3,4,.750,7,11,.636,.767,4,5,.800,0,2,2,4,0,0,0,3,27,22.3,3
55,180,55,2024-02-13,LAL,,DET,W 125-111,*,32:29,3,9,.333,2,5,.400,1,4,.250,.444,7,7,1.000,0,7,7,6,1,1,2,4,15,14.3,25
56,181,56,2024-02-14,LAL,@,UTA,W 138-122,*,33:40,9,13,.692,3,5,.600,6,8,.750,.808,1,1,1.000,0,4,4,7,3,0,3,0,22,22.6,22
57,182,57,2024-02-22,LAL,@,GSW,L 110-128,*,27:15,7,11,.636,2,5,.400,5,6,.833,.727,0,0,,0,2,2,4,0,1,2,2,16,12.4,-18
58,183,58,2024-02-23,LAL,,SAS,W 123-118,*,33:19,4,12,.333,2,5,.400,2,7,.286,.417,0,0,,1,4,5,9,0,2,5,2,10,7.0,1
59,184,59,2024-02-25,LAL,@,PHO,L 113-123,*,35:26,5,12,.417,2,7,.286,3,5,.600,.500,2,2,1.000,0,4,4,4,1,0,2,1,14,10.2,-10
60,185,60,2024-02-28,LAL,@,LAC,W 116-112,*,35:50,6,11,.545,1,4,.250,5,7,.714,.591,0,0,,1,7,8,5,1,0,1,1,13,13.6,-5
61,186,61,2024-02-29,LAL,,WAS,W 134-131 (OT),*,39:24,6,11,.545,0,2,.000,6,9,.667,.545,0,0,,1,5,6,4,1,1,1,3,12,11.2,2
62,187,62,2024-03-02,LAL,,DEN,L 114-124,*,36:43,7,12,.583,3,6,.500,4,6,.667,.708,2,2,1.000,0,2,2,14,0,0,2,1,19,21.4,-9
63,188,63,2024-03-04,LAL,,OKC,W 116-104,*,29:07,6,8,.750,4,5,.800,2,3,.667,1.000,0,0,,1,5,6,7,1,0,5,1,16,15.5,8
64,189,64,2024-03-06,LAL,,SAC,L 120-130,*,35:45,6,15,.400,4,7,.571,2,8,.250,.533,2,2,1.000,1,3,4,4,0,0,2,2,18,11.5,-4
65,190,65,2024-03-08,LAL,,MIL,W 123-122,*,36:39,7,12,.583,2,5,.400,5,7,.714,.667,2,4,.500,0,5,5,7,1,0,2,1,18,16.6,-1
66,191,66,2024-03-10,LAL,,MIN,W 120-109,*,35:56,7,13,.538,3,6,.500,4,7,.571,.654,2,2,1.000,0,6,6,4,0,0,4,2,19,12.5,10
67,192,67,2024-03-13,LAL,@,SAC,L 107-120,*,37:28,10,17,.588,7,12,.583,3,5,.600,.794,1,2,.500,0,6,6,4,1,0,1,1,28,23.9,-2
68,193,68,2024-03-16,LAL,,GSW,L 121-128,*,34:21,4,13,.308,2,9,.222,2,4,.500,.385,1,1,1.000,0,3,3,3,0,0,3,0,11,3.5,-5
69,194,69,2024-03-18,LAL,,ATL,W 136-105,*,28:17,4,9,.444,0,3,.000,4,6,.667,.444,4,4,1.000,1,5,6,4,1,1,0,3,12,12.8,21
70,195,70,2024-03-22,LAL,,PHI,W 101-94,*,33:06,3,8,.375,2,5,.400,1,3,.333,.500,6,8,.750,1,5,6,5,0,1,3,2,14,11.4,-1
71,196,71,2024-03-24,LAL,,IND,W 150-145,*,37:29,6,13,.462,2,5,.400,4,8,.500,.538,11,12,.917,1,4,5,8,0,1,2,1,25,23.7,4
72,197,72,2024-03-26,LAL,@,MIL,W 128-124 (2OT),*,47:35,10,20,.500,4,11,.364,6,9,.667,.600,5,6,.833,2,12,14,10,0,2,1,3,29,29.8,-2
73,198,73,2024-03-27,LAL,@,MEM,W 136-124,*,35:03,4,12,.333,0,4,.000,4,8,.500,.333,5,5,1.000,1,1,2,11,0,0,2,1,13,12.5,31
74,199,74,2024-03-29,LAL,@,IND,L 90-109,*,36:11,7,16,.438,1,7,.143,6,9,.667,.469,1,1,1.000,1,12,13,6,1,0,5,2,16,11.3,-15
75,200,75,2024-03-31,LAL,@,BRK,W 116-104,*,34:38,5,11,.455,0,4,.000,5,7,.714,.455,2,2,1.000,1,6,7,6,1,0,1,0,12,13.0,26
76,201,76,2024-04-02,LAL,@,TOR,W 128-111,*,25:12,2,9,.222,1,5,.200,1,4,.250,.278,2,2,1.000,1,3,4,6,0,3,1,2,7,7.6,6
77,202,77,2024-04-03,LAL,@,WAS,W 125-120,*,35:02,7,15,.467,2,6,.333,5,9,.556,.533,0,0,,2,2,4,4,2,0,1,1,16,13.7,7
78,203,78,2024-04-06,LAL,,CLE,W 116-97,*,33:29,3,6,.500,1,4,.250,2,2,1.000,.583,0,0,,0,2,2,6,1,0,3,3,7,5.6,-6
79,204,79,2024-04-07,LAL,,MIN,L 117-127,*,35:02,4,14,.286,2,8,.250,2,6,.333,.357,4,6,.667,0,3,3,2,1,0,4,3,14,3.1,-17
80,205,80,2024-04-09,LAL,,GSW,L 120-134,*,34:54,8,15,.533,4,7,.571,4,8,.500,.667,2,3,.667,3,4,7,6,0,0,0,3,22,20.6,0
81,206,81,2024-04-12,LAL,@,MEM,W 123-120,*,25:12,5,8,.625,3,5,.600,2,3,.667,.813,0,1,.000,0,0,0,1,0,2,2,5,13,7.1,-22
82,207,82,2024-04-14,LAL,@,NOP,W 124-108,*,28:34,8,12,.667,3,7,.429,5,5,1.000,.792,1,2,.500,0,1,1,2,1,1,2,2,20,15.0,13
1,208,1,2024-10-22,LAL,,MIN,W 110-103,*,36:02,6,14,.429,0,5,.000,6,9,.667,.429,0,1,.000,4,5,9,4,1,1,0,4,12,11.4,12
2,209,2,2024-10-25,LAL,,PHO,W 123-116,*,36:39,8,12,.667,5,7,.714,3,5,.600,.875,5,6,.833,0,4,4,8,3,1,4,4,26,25.3,13
3,210,3,2024-10-26,LAL,,SAC,W 131-127,*,33:32,7,12,.583,2,4,.500,5,8,.625,.667,0,0,,4,3,7,6,0,0,6,3,16,11.1,-20
4,211,4,2024-10-28,LAL,@,PHO,L 105-109,*,37:51,8,15,.533,5,9,.556,3,6,.500,.700,2,3,.667,0,8,8,3,2,0,1,3,23,19.6,12
5,212,5,2024-10-30,LAL,@,CLE,L 110-134,*,27:50,2,6,.333,1,4,.250,1,2,.500,.417,2,2,1.000,0,2,2,3,0,0,4,0,7,2.3,-14
6,213,6,2024-11-01,LAL,@,TOR,W 131-125,*,34:18,4,13,.308,0,6,.000,4,7,.571,.308,12,14,.857,0,1,1,6,2,1,1,3,20,16.7,-3
7,214,7,2024-11-04,LAL,@,DET,L 103-115,*,39:21,7,17,.412,3,10,.300,4,7,.571,.500,0,1,.000,1,3,4,4,2,0,4,4,17,8.3,-14
8,215,8,2024-11-06,LAL,@,MEM,L 114-131,*,34:56,7,17,.412,2,9,.222,5,8,.625,.471,3,4,.750,0,3,3,5,3,0,1,1,19,15.5,-9
9,216,9,2024-11-08,LAL,,PHI,W 116-106,*,29:56,7,13,.538,6,10,.600,1,3,.333,.769,0,0,,0,6,6,7,0,1,2,1,20,18.7,14
10,217,10,2024-11-10,LAL,,TOR,W 123-103,*,32:35,10,17,.588,3,9,.333,7,8,.875,.676,4,5,.800,0,1,1,6,1,0,0,4,27,22.6,11
11,218,11,2024-11-13,LAL,,MEM,W 128-123,*,35:52,5,14,.357,3,11,.273,2,3,.667,.464,5,7,.714,0,2,2,6,1,0,3,4,18,10.6,-1
12,219,12,2024-11-15,LAL,@,SAS,W 120-115,*,32:04,6,12,.500,5,9,.556,1,3,.333,.708,2,2,1.000,1,2,3,6,0,0,0,3,19,17.3,-8
13,220,13,2024-11-16,LAL,@,NOP,W 104-99,*,40:50,3,15,.200,2,9,.222,1,6,.167,.267,2,2,1.000,1,1,2,7,1,0,0,1,10,7.2,9
14,221,14,2024-11-19,LAL,,UTA,W 124-118,*,33:22,6,14,.429,3,7,.429,3,7,.429,.536,2,2,1.000,0,0,0,5,0,0,3,1,17,9.7,4
15,222,15,2024-11-21,LAL,,ORL,L 118-119,*,32:54,3,12,.250,1,4,.250,2,8,.250,.292,2,5,.400,1,1,2,3,1,0,2,0,9,2.7,-8
16,223,16,2024-11-23,LAL,,DEN,L 102-127,*,31:51,7,13,.538,3,7,.429,4,6,.667,.654,2,2,1.000,1,2,3,6,1,0,3,1,19,15.8,-22
17,224,17,2024-11-26,LAL,@,PHO,L 100-127,*,30:36,6,12,.500,2,6,.333,4,6,.667,.583,1,1,1.000,1,2,3,2,2,0,1,0,15,12.7,-16
18,225,18,2024-11-27,LAL,@,SAS,W 119-101,*,31:27,5,11,.455,3,6,.500,2,5,.400,.591,0,0,,0,2,2,2,0,0,3,1,13,5.9,8
19,226,19,2024-11-29,LAL,,OKC,L 93-101,*,29:11,3,11,.273,1,9,.111,2,2,1.000,.318,4,5,.800,1,4,5,3,0,0,5,3,11,1.9,-8
20,227,25,2024-12-13,LAL,@,MIN,L 87-97,*,29:40,6,16,.375,4,8,.500,2,8,.250,.500,2,2,1.000,2,4,6,6,0,0,2,5,18,12.0,-2
21,228,26,2024-12-15,LAL,,MEM,W 116-110,*,35:46,6,15,.400,2,8,.250,4,7,.571,.467,5,5,1.000,0,2,2,8,2,0,1,4,19,16.5,11
22,229,27,2024-12-19,LAL,@,SAC,W 113-100,*,34:55,7,14,.500,3,7,.429,4,7,.571,.607,8,9,.889,0,6,6,5,2,0,1,0,25,23.9,9
23,230,28,2024-12-21,LAL,@,SAC,W 103-99,*,35:56,6,14,.429,1,7,.143,5,7,.714,.464,3,5,.600,2,2,4,5,0,0,2,1,16,10.9,10
24,231,29,2024-12-23,LAL,,DET,L 114-117,*,36:53,5,9,.556,2,5,.400,3,4,.750,.667,0,0,,0,7,7,2,2,0,6,2,12,6.4,16
25,232,30,2024-12-25,LAL,@,GSW,W 115-113,*,36:40,8,20,.400,4,10,.400,4,10,.400,.500,6,6,1.000,2,8,10,10,1,0,3,0,26,24.0,-4
26,233,31,2024-12-28,LAL,,SAC,W 132-122,*,42:36,9,16,.563,3,4,.750,6,12,.500,.656,5,8,.625,1,5,6,16,0,0,5,3,26,24.4,15
27,234,32,2024-12-31,LAL,,CLE,L 110-122,*,37:57,11,20,.550,1,4,.250,10,16,.625,.575,12,13,.923,1,8,9,10,1,0,4,2,35,31.3,-3
28,235,33,2025-01-02,LAL,,POR,W 114-106,*,36:26,5,15,.333,2,9,.222,3,6,.500,.400,3,3,1.000,2,6,8,11,2,0,3,3,15,15.2,10
29,236,34,2025-01-03,LAL,,ATL,W 119-102,*,38:39,6,18,.333,3,7,.429,3,11,.273,.417,5,6,.833,4,3,7,6,0,0,6,1,20,10.9,18
30,237,35,2025-01-05,LAL,@,HOU,L 115-119,*,41:19,6,13,.462,3,6,.500,3,7,.429,.577,6,7,.857,0,0,0,10,0,0,0,2,21,20.1,12
31,238,36,2025-01-07,LAL,@,DAL,L 97-118,*,32:05,5,14,.357,4,11,.364,1,3,.333,.500,1,2,.500,0,2,2,1,3,0,1,1,15,9.7,-25
32,239,37,2025-01-13,LAL,,SAS,L 102-126,*,33:29,4,13,.308,2,7,.286,2,6,.333,.385,2,2,1.000,1,4,5,8,0,0,4,3,12,6.8,-18
33,240,38,2025-01-15,LAL,,MIA,W 117-108,*,35:14,5,9,.556,2,3,.667,3,6,.500,.667,2,2,1.000,0,3,3,14,3,0,1,4,14,20.8,14
34,241,39,2025-01-17,LAL,,BRK,W 102-101,*,37:05,13,23,.565,4,8,.500,9,15,.600,.652,8,8,1.000,0,3,3,3,2,1,0,2,38,32.0,1
35,242,40,2025-01-19,LAL,@,LAC,L 102-116,*,34:24,4,6,.667,2,4,.500,2,2,1.000,.833,4,4,1.000,0,2,2,3,0,1,5,1,14,9.4,-16
36,243,41,2025-01-21,LAL,,WAS,W 111-88,*,36:04,4,15,.267,1,8,.125,3,7,.429,.300,7,7,1.000,1,1,2,8,1,0,2,1,16,12.3,18
37,244,42,2025-01-23,LAL,,BOS,W 117-96,*,33:16,7,13,.538,4,8,.500,3,5,.600,.692,5,6,.833,0,3,3,6,0,0,0,1,23,21.0,14
38,245,43,2025-01-25,LAL,@,GSW,W 118-108,*,39:29,6,10,.600,1,4,.250,5,6,.833,.650,3,3,1.000,1,4,5,7,1,0,3,0,16,16.2,17
39,246,44,2025-01-27,LAL,@,CHO,W 112-107,*,37:43,5,14,.357,2,8,.250,3,6,.500,.429,5,7,.714,1,4,5,6,3,0,1,1,17,16.1,0
40,247,45,2025-01-28,LAL,@,PHI,L 104-118,*,33:30,6,10,.600,1,3,.333,5,7,.714,.650,0,0,,0,6,6,8,1,0,3,1,13,13.4,-4
41,248,46,2025-01-30,LAL,@,WAS,W 134-96,*,30:05,6,14,.429,4,7,.571,2,7,.286,.571,1,2,.500,0,6,6,5,0,0,2,1,17,12.1,24
42,249,47,2025-02-01,LAL,@,NYK,W 128-112,*,29:29,7,12,.583,4,7,.571,3,5,.600,.750,9,9,1.000,0,5,5,6,3,0,3,3,27,25.9,18
43,250,48,2025-02-04,LAL,@,LAC,W 122-97,*,29:49,7,13,.538,3,7,.429,4,6,.667,.654,3,3,1.000,2,4,6,9,0,1,3,0,20,20.3,9
44,251,49,2025-02-06,LAL,,GSW,W 120-112,*,35:31,4,17,.235,0,9,.000,4,8,.500,.235,15,16,.938,1,2,3,4,3,1,4,3,23,14.9,2
45,252,50,2025-02-08,LAL,,IND,W 124-117,*,40:30,14,26,.538,4,9,.444,10,17,.588,.615,13,13,1.000,0,7,7,7,3,0,4,3,45,37.2,14
46,253,51,2025-02-10,LAL,,UTA,W 132-113,*,31:53,6,10,.600,3,5,.600,3,5,.600,.750,7,7,1.000,3,6,9,4,1,1,0,1,22,25.4,27
47,254,52,2025-02-12,LAL,@,UTA,L 119-131,*,36:00,4,15,.267,1,10,.100,3,5,.600,.300,6,8,.750,1,4,5,11,1,0,1,3,15,13.7,-13
48,255,53,2025-02-19,LAL,,CHO,L 97-100,*,27:15,3,9,.333,2,7,.286,1,2,.500,.444,0,0,,0,2,2,2,1,2,3,3,8,3.1,-5
49,256,54,2025-02-20,LAL,@,POR,W 110-102,*,40:03,9,21,.429,2,8,.250,7,13,.538,.476,12,13,.923,1,0,1,7,2,2,6,2,32,22.7,5
50,257,55,2025-02-22,LAL,@,DEN,W 123-100,*,32:58,7,13,.538,4,7,.571,3,6,.500,.692,5,6,.833,1,3,4,7,0,1,2,3,23,20.3,13
51,258,56,2025-02-25,LAL,,DAL,W 107-99,*,37:42,5,12,.417,3,8,.375,2,4,.500,.542,7,8,.875,0,3,3,5,0,0,1,2,20,15.8,16
52,259,57,2025-02-27,LAL,,MIN,W 111-102,*,38:02,5,10,.500,2,5,.400,3,5,.600,.600,11,12,.917,3,3,6,5,2,0,4,3,23,20.9,9
53,260,58,2025-02-28,LAL,,LAC,W 106-102,*,09:02,2,4,.500,2,4,.500,0,0,,.750,0,0,,0,0,0,0,0,1,0,0,6,4.7,-8
54,261,61,2025-03-06,LAL,,NYK,W 113-109 (OT),*,31:59,2,13,.154,1,7,.143,1,6,.167,.192,3,4,.750,2,4,6,0,0,0,2,3,8,-1.3,-7
55,262,62,2025-03-08,LAL,@,BOS,L 101-111,*,38:34,5,12,.417,4,7,.571,1,5,.200,.583,2,2,1.000,1,2,3,2,1,0,1,0,16,12.3,-12
56,263,63,2025-03-10,LAL,@,BRK,L 108-111,*,36:02,3,14,.214,1,5,.200,2,9,.222,.250,10,11,.909,2,6,8,10,0,1,3,3,17,14.7,-10
57,264,64,2025-03-13,LAL,@,MIL,L 106-126,*,35:38,10,17,.588,4,7,.571,6,10,.600,.706,4,4,1.000,0,8,8,3,0,0,3,3,28,20.4,-6
58,265,65,2025-03-14,LAL,@,DEN,L 126-131,*,39:17,13,26,.500,4,10,.400,9,16,.563,.577,7,7,1.000,0,8,8,13,4,0,4,3,37,34.3,0
59,266,66,2025-03-16,LAL,,PHO,W 107-96,*,39:25,10,21,.476,4,10,.400,6,11,.545,.571,4,5,.800,0,4,4,6,2,1,2,1,28,22.6,14
60,267,67,2025-03-17,LAL,,SAS,W 125-109,*,36:10,12,21,.571,5,13,.385,7,8,.875,.690,1,1,1.000,0,7,7,6,2,0,2,0,30,26.4,18
61,268,68,2025-03-19,LAL,,DEN,W 120-108,*,36:07,8,16,.500,2,7,.286,6,9,.667,.563,4,4,1.000,0,5,5,8,2,1,1,2,22,22.0,13
62,269,70,2025-03-22,LAL,,CHI,L 115-146,*,33:56,9,13,.692,3,7,.429,6,6,1.000,.808,4,4,1.000,1,1,2,5,0,0,2,0,25,22.0,-21
63,270,71,2025-03-24,LAL,@,ORL,L 106-118,*,35:39,7,16,.438,1,6,.167,6,10,.600,.469,3,4,.750,0,6,6,4,0,0,3,4,18,9.2,-7
64,271,72,2025-03-26,LAL,@,IND,W 120-119,*,36:12,8,16,.500,1,8,.125,7,8,.875,.531,7,7,1.000,1,3,4,5,1,0,4,3,24,16.9,6
65,272,73,2025-03-27,LAL,@,CHI,L 117-119,*,36:53,10,17,.588,3,9,.333,7,8,.875,.676,7,7,1.000,0,1,1,3,0,2,2,4,30,22.3,-10
66,273,74,2025-03-29,LAL,@,MEM,W 134-127,*,37:21,8,16,.500,5,8,.625,3,8,.375,.656,10,10,1.000,3,4,7,8,1,1,3,2,31,29.8,-5
67,274,75,2025-03-31,LAL,,HOU,W 104-98,*,38:57,5,11,.455,0,3,.000,5,8,.625,.455,2,2,1.000,1,7,8,3,2,0,1,1,12,11.8,8
68,275,76,2025-04-03,LAL,,GSW,L 116-123,*,40:03,10,20,.500,9,16,.563,1,4,.250,.725,2,3,.667,1,5,6,3,1,0,0,5,31,23.9,2
69,276,77,2025-04-04,LAL,,NOP,W 124-108,*,35:43,8,13,.615,6,9,.667,2,4,.500,.846,8,9,.889,1,2,3,7,1,0,1,1,30,29.5,17
70,277,78,2025-04-06,LAL,@,OKC,W 126-99,*,33:45,7,15,.467,4,8,.500,3,7,.429,.600,2,2,1.000,0,2,2,3,1,1,3,1,20,13.3,14
71,278,79,2025-04-08,LAL,@,OKC,L 120-136,*,38:22,6,12,.500,4,7,.571,2,5,.400,.667,8,12,.667,1,4,5,5,0,0,4,4,24,16.2,-19
72,279,80,2025-04-09,LAL,@,DAL,W 112-97,*,38:27,4,10,.400,1,5,.200,3,5,.600,.450,2,2,1.000,2,2,4,4,1,0,2,3,11,8.2,19
73,280,81,2025-04-11,LAL,,HOU,W 140-109,*,33:00,9,15,.600,3,6,.500,6,9,.667,.700,2,2,1.000,0,7,7,6,2,0,5,2,23,18.6,17