Rk,Gcar,Gtm,Date,Team,AWAY,Opp,Result,GS,MP,FG,FGA,FG%,3P,3PA,3P%,2P,2PA,2P%,eFG%,FT,FTA,FT%,ORB,DRB,TRB,AST,STL,BLK,TOV,PF,PTS,GmSc,+/-
1,1.0,1,2020-12-23,02114,0,53203,W 122-121,,13:00,1,4,.250,1,2,.500,0,2,.000,.375,0,0,,0,1,1,0,1,0,0,1,3,1.5,-2
2,2.0,2,2020-12-25,02114,0,11217,L 95-123,,25:06,3,5,.600,1,2,.500,2,3,.667,.700,0,0,,0,2,2,1,2,0,3,3,7,3.8,-9
3,3.0,3,2020-12-27,02114,1,46225,L 107-108,,23:00,5,5,1.000,3,3,1.000,2,2,1.000,1.300,0,0,,0,0,0,2,2,0,2,0,13,12.9,9
4,4.0,4,2020-12-29,02114,1,46225,W 116-111,,27:10,4,8,.500,0,2,.000,4,6,.667,.500,2,3,.667,0,5,5,5,1,0,3,1,10,8.2,3
5,5.0,5,2020-12-30,02114,0,38103,W 126-107,,21:14,4,6,.667,0,0,,4,6,.667,.667,0,0,,0,2,2,3,2,0,1,3,8,7.9,10
6,6.0,6,2021-01-01,02114,1,48226,L 93-96,,16:00,0,3,.000,0,3,.000,0,0,,.000,0,0,,0,0,0,2,2,2,2,0,0,0.7,1
7,7.0,7,2021-01-03,02114,1,48226,W 122-120,,27:35,2,6,.333,1,3,.333,1,3,.333,.417,0,0,,0,4,4,4,1,1,2,5,5,3.3,7
8,8.0,8,2021-01-04,02114,1,51300,W 126-114,,32:22,8,13,.615,2,4,.500,6,9,.667,.692,5,5,1.000,0,2,2,8,0,0,3,2,23,19.5,18
9,9.0,9,2021-01-06,02114,1,33132,W 107-105,,20:23,3,10,.300,0,4,.000,3,6,.500,.300,0,0,,4,2,6,4,0,0,0,3,6,5.2,6
10,10.0,10,2021-01-08,02114,0,20004,W 116-107,,23:13,3,4,.750,3,3,1.000,0,1,.000,1.125,2,2,1.000,1,1,2,2,2,0,3,2,11,10.0,2
11,11.0,11,2021-01-15,02114,0,32801,W 124-97,,25:16,6,13,.462,4,8,.500,2,5,.400,.615,0,0,,0,4,4,3,0,1,0,2,16,12.5,24
12,12.0,12,2021-01-17,02114,0,10001,L 75-105,,17:23,1,3,.333,1,3,.333,0,0,,.500,0,0,,1,4,5,0,0,1,2,1,3,1.5,-4
13,13.0,13,2021-01-20,02114,1,19148,L 109-117,,19:19,1,3,.333,1,2,.500,0,1,.000,.500,0,0,,0,0,0,2,0,0,1,2,3,0.9,-12
14,14.0,14,2021-01-22,02114,1,19148,L 110-122,,02:16,0,1,.000,0,1,.000,0,0,,.000,0,0,,0,0,0,0,0,0,0,0,0,-0.7,2
15,15.0,21,2021-02-05,02114,1,90015,W 119-115,,19:18,3,4,.750,2,3,.667,1,1,1.000,1.000,0,0,,1,1,2,2,0,0,0,1,8,8.4,1
16,16.0,22,2021-02-07,02114,1,85004,L 91-100,,22:54,4,9,.444,4,9,.444,0,0,,.667,0,0,,0,5,5,1,0,0,0,2,12,8.7,1
17,17.0,23,2021-02-09,02114,1,84101,L 108-122,,15:24,1,4,.250,1,4,.250,0,0,,.375,0,0,,0,0,0,1,0,0,0,3,3,0.1,0
18,18.0,24,2021-02-11,02114,0,51300,W 120-106,,29:06,6,10,.600,6,8,.750,0,2,.000,.900,2,2,1.000,2,3,5,1,0,0,2,2,20,15.6,-11
19,19.0,25,2021-02-12,02114,0,48226,L 102-108,*,28:43,1,5,.200,0,3,.000,1,2,.500,.200,0,0,,0,3,3,1,0,0,1,3,2,-1.7,8
20,20.0,26,2021-02-14,02114,1,20004,L 91-104,,17:27,2,7,.286,0,3,.000,2,4,.500,.286,0,0,,1,2,3,2,0,0,0,1,4,2.2,-11
21,21.0,27,2021-02-16,02114,0,80204,W 112-99,,22:49,3,5,.600,1,3,.333,2,2,1.000,.700,1,1,1.000,0,1,1,7,0,0,1,2,8,9.1,19
22,22.0,28,2021-02-17,02114,0,30313,L 114-122,,22:51,5,11,.455,1,5,.200,4,6,.667,.500,0,0,,1,1,2,2,0,0,2,5,11,3.7,1
23,23.0,29,2021-02-19,02114,0,30313,W 121-109,,17:20,0,7,.000,0,5,.000,0,2,.000,.000,0,0,,0,1,1,0,0,0,1,1,0,-6.0,-18
24,24.0,30,2021-02-21,02114,1,70112,L 115-120 (OT),,16:53,2,3,.667,0,1,.000,2,2,1.000,.667,0,0,,0,0,0,3,1,0,1,1,4,4.4,-6
25,25.0,31,2021-02-23,02114,1,75219,L 107-110,,19:08,2,7,.286,1,4,.250,1,3,.333,.357,2,2,1.000,1,0,1,3,0,0,1,2,7,3.9,-11
26,26.0,32,2021-02-24,02114,1,30313,L 112-127,,17:00,1,5,.200,0,1,.000,1,4,.250,.200,1,1,1.000,0,1,1,0,1,0,0,1,3,0.8,-12
27,27.0,33,2021-02-26,02114,0,46225,W 118-112,,30:19,4,6,.667,1,1,1.000,3,5,.600,.750,0,0,,3,1,4,1,0,0,0,2,9,8.7,13
28,28.0,34,2021-02-28,02114,0,20004,W 111-110,,20:39,3,9,.333,1,2,.500,2,7,.286,.389,0,0,,0,5,5,2,0,0,1,2,7,3.0,-9
29,29.0,35,2021-03-02,02114,0,90015,W 117-112,,23:19,5,8,.625,4,7,.571,1,1,1.000,.875,0,0,,0,2,2,3,1,0,1,2,14,12.3,5
30,30.0,36,2021-03-04,02114,0,51300,W 132-125,,24:24,3,4,.750,2,3,.667,1,1,1.000,1.000,2,2,1.000,1,1,2,4,2,0,1,4,10,11.6,0
31,31.0,37,2021-03-11,02114,1,11217,L 109-121,,13:27,1,5,.200,1,3,.333,0,2,.000,.300,0,0,,0,0,0,2,0,0,0,0,3,1.3,-5
32,32.0,38,2021-03-14,02114,1,77002,W 134-107,,13:30,3,6,.500,3,5,.600,0,1,.000,.750,0,0,,0,0,0,3,0,0,1,3,9,5.9,1
33,33.0,39,2021-03-16,02114,0,84101,L 109-117,,11:57,0,0,,0,0,,0,0,,,0,0,,0,0,0,1,0,0,0,1,0,0.3,-5
34,34.0,40,2021-03-17,02114,1,44115,L 110-117,,18:47,3,4,.750,0,1,.000,3,3,1.000,.750,1,2,.500,1,0,1,1,1,0,0,1,7,7.0,3
35,35.0,41,2021-03-19,02114,0,95814,L 96-107,,19:45,2,6,.333,2,3,.667,0,3,.000,.500,0,0,,2,2,4,0,1,0,0,1,6,5.2,2
36,36.0,42,2021-03-21,02114,0,32801,W 112-96,,10:52,2,4,.500,1,3,.333,1,1,1.000,.625,0,0,,0,0,0,0,0,0,1,2,5,1.2,-11
37,37.0,43,2021-03-22,02114,1,38103,L 126-132 (OT),,16:44,2,6,.333,2,4,.500,0,2,.000,.500,0,0,,1,1,2,3,0,1,0,1,6,6.0,-12
38,38.0,44,2021-03-24,02114,1,53203,L 119-121,,04:07,1,3,.333,1,3,.333,0,0,,.500,0,0,,0,0,0,0,0,0,0,2,3,0.5,-2
39,39.0,45,2021-03-26,02114,1,53203,W 122-114,,19:43,2,6,.333,2,5,.400,0,1,.000,.500,1,2,.500,0,3,3,1,1,0,1,1,7,4.4,-6
40,40.0,46,2021-03-27,02114,1,73102,W 111-94,,23:12,6,10,.600,0,1,.000,6,9,.667,.600,0,0,,1,6,7,2,1,0,0,3,12,11.1,0
41,41.0,47,2021-03-29,02114,0,70112,L 109-115,,15:16,4,6,.667,3,4,.750,1,2,.500,.917,0,0,,2,3,5,0,1,1,1,2,11,10.6,-4
42,42.0,48,2021-03-31,02114,0,75219,L 108-113,,15:54,2,4,.500,2,4,.500,0,0,,.750,2,2,1.000,0,2,2,0,0,0,0,2,8,5.8,4
43,43.0,49,2021-04-02,02114,0,77002,W 118-102,,15:14,0,2,.000,0,2,.000,0,0,,.000,0,0,,0,0,0,1,1,0,0,2,0,-0.5,-2
44,44.0,50,2021-04-04,02114,0,28202,W 116-86,,17:02,2,8,.250,1,4,.250,1,4,.250,.313,0,0,,0,3,3,2,1,0,0,2,5,2.7,14
45,45.0,51,2021-04-06,02114,0,19148,L 96-106,,08:36,2,3,.667,2,3,.667,0,0,,1.000,0,0,,1,0,1,0,1,0,1,1,6,5.0,1
46,46.0,52,2021-04-07,02114,0,10001,W 101-99,,16:27,1,4,.250,0,3,.000,1,1,1.000,.250,0,0,,0,2,2,3,0,0,1,0,2,1.3,-9
47,47.0,53,2021-04-09,02114,0,55403,W 145-136 (OT),,12:22,3,5,.600,1,2,.500,2,3,.667,.700,0,0,,0,0,0,1,1,0,0,0,7,6.4,13
48,48.0,54,2021-04-11,02114,1,80204,W 105-87,,09:41,0,1,.000,0,0,,0,1,.000,.000,0,0,,0,2,2,0,0,0,1,0,0,-1.1,6
49,49.0,55,2021-04-13,02114,1,97227,W 116-115,,11:54,1,7,.143,0,3,.000,1,4,.250,.143,0,0,,0,2,2,1,0,0,1,1,2,-2.6,-1
50,50.0,56,2021-04-15,02114,1,90015,W 121-113,,19:49,5,11,.455,3,6,.500,2,5,.400,.591,2,2,1.000,3,4,7,3,0,0,1,1,15,13.3,8
51,51.0,57,2021-04-17,02114,0,94607,W 119-114,,21:59,4,9,.444,3,6,.500,1,3,.333,.611,0,0,,2,1,3,1,0,1,0,1,11,9.0,8
52,52.0,58,2021-04-19,02114,0,60612,L 96-102,*,31:26,5,8,.625,2,3,.667,3,5,.600,.750,2,2,1.000,0,1,1,3,1,0,2,1,14,11.4,0
53,53.0,59,2021-04-22,02114,0,85004,W 99-86,,20:41,3,8,.375,2,7,.286,1,1,1.000,.500,2,2,1.000,0,4,4,0,1,0,0,0,10,7.8,2
54,54.0,60,2021-04-23,02114,1,11217,L 104-109,,23:37,8,12,.667,6,7,.857,2,5,.400,.917,0,0,,0,3,3,2,0,1,0,1,22,19.4,5
55,55.0,61,2021-04-25,02114,1,28202,L 104-125,,15:34,0,3,.000,0,2,.000,0,1,.000,.000,2,2,1.000,0,2,2,1,0,0,0,1,2,0.8,-7
56,56.0,62,2021-04-27,02114,0,73102,L 115-119,,32:58,9,16,.563,4,10,.400,5,6,.833,.688,6,7,.857,0,3,3,4,1,0,2,4,28,21.1,1
57,57.0,63,2021-04-28,02114,0,28202,W 120-111,,28:35,2,8,.250,2,6,.333,0,2,.000,.375,2,2,1.000,0,3,3,3,1,0,2,2,8,4.4,16
58,58.0,64,2021-04-30,02114,0,78219,W 143-140 (OT),,13:18,1,4,.250,1,4,.250,0,0,,.375,0,0,,1,1,2,0,1,0,1,1,3,1.2,9
59,59.0,65,2021-05-02,02114,0,97227,L 119-129,,18:42,4,6,.667,3,5,.600,1,1,1.000,.917,2,2,1.000,1,5,6,0,0,0,1,0,13,11.6,8
60,60.0,66,2021-05-05,02114,1,32801,W 132-96,,18:00,5,8,.625,4,6,.667,1,2,.500,.875,0,0,,0,1,1,1,0,0,0,2,14,10.6,10
61,61.0,67,2021-05-07,02114,1,60612,L 99-121,,11:25,1,4,.250,0,3,.000,1,1,1.000,.250,0,0,,0,0,0,1,0,0,0,0,2,0.3,-15
62,62.0,68,2021-05-09,02114,0,33132,L 124-130,,08:17,0,4,.000,0,2,.000,0,2,.000,.000,0,0,,0,1,1,1,0,0,0,1,0,-2.2,-1
63,63.0,69,2021-05-11,02114,0,33132,L 121-129,,13:11,3,4,.750,1,2,.500,2,2,1.000,.875,0,0,,0,1,1,0,0,0,0,0,7,5.7,6
64,64.0,70,2021-05-12,02114,1,44115,L 94-102,,25:38,5,13,.385,4,9,.444,1,4,.250,.538,1,2,.500,1,6,7,3,1,0,0,2,15,12.3,-7
65,65.0,71,2021-05-15,02114,1,55403,W 124-108,*,26:02,4,12,.333,3,7,.429,1,5,.200,.458,0,0,,0,4,4,1,4,0,1,1,11,8.7,9
66,66.0,72,2021-05-16,02114,1,10001,L 92-96,*,23:02,2,10,.200,2,8,.250,0,2,.000,.300,0,0,,1,5,6,6,0,0,1,2,6,4.4,-24
1,67.0,1,2021-10-20,02114,1,10001,L 134-138 (2OT),,11:17,0,3,.000,0,2,.000,0,1,.000,.000,0,0,,3,2,5,2,0,1,0,1,0,2.3,4
2,68.0,2,2021-10-22,02114,0,51300,L 83-115,,15:56,1,4,.250,1,3,.333,0,1,.000,.375,0,0,,0,2,2,2,0,0,0,2,3,1.8,-30
3,69.0,3,2021-10-24,02114,1,77002,W 107-97,,15:42,2,6,.333,2,5,.400,0,1,.000,.500,0,0,,1,2,3,3,0,0,1,1,6,4.6,0
4,70.0,4,2021-10-25,02114,1,28202,W 140-129 (OT),,13:50,1,3,.333,1,3,.333,0,0,,.500,0,0,,1,1,2,2,0,0,1,3,3,1.5,-5
5,71.0,6,2021-10-30,02114,1,20004,L 112-115 (2OT),,18:21,2,4,.500,1,3,.333,1,1,1.000,.625,0,0,,0,3,3,1,0,0,1,2,5,2.8,-3
6,72.0,7,2021-11-01,02114,0,60612,L 114-128,,07:18,0,1,.000,0,0,,0,1,.000,.000,0,0,,0,1,1,1,0,0,1,1,0,-1.1,8
7,73.0,8,2021-11-03,02114,1,32801,W 92-79,,09:41,0,1,.000,0,0,,0,1,.000,.000,0,0,,0,2,2,1,0,1,0,1,0,0.9,-10
8,74.0,9,2021-11-04,02114,1,33132,W 95-78,,02:31,1,2,.500,1,2,.500,0,0,,.750,0,0,,0,0,0,0,0,0,1,0,3,1.0,-3
9,75.0,10,2021-11-06,02114,1,75219,L 104-107,,10:45,1,3,.333,0,2,.000,1,1,1.000,.333,0,0,,0,0,0,0,0,0,0,1,2,-0.1,2
10,76.0,11,2021-11-10,02114,0,51300,W 104-88,,01:15,0,0,,0,0,,0,0,,,0,0,,0,0,0,0,0,0,0,0,0,0.0,0
11,77.0,13,2021-11-13,02114,1,44115,L 89-91,,15:15,0,5,.000,0,2,.000,0,3,.000,.000,0,0,,1,1,2,2,0,0,2,1,0,-3.5,-7
12,78.0,14,2021-11-15,02114,1,44115,W 98-92,,04:52,0,2,.000,0,1,.000,0,1,.000,.000,0,0,,0,0,0,2,0,0,0,0,0,0.0,4
13,79.0,15,2021-11-17,02114,1,30313,L 99-110,,01:32,0,2,.000,0,2,.000,0,0,,.000,0,0,,0,0,0,0,0,0,1,0,0,-2.4,0
14,80.0,16,2021-11-19,02114,0,90015,W 130-108,,08:33,1,3,.333,1,2,.500,0,1,.000,.500,2,2,1.000,0,0,0,1,0,0,1,1,5,2.6,5
15,81.0,17,2021-11-20,02114,0,73102,W 111-105,,00:40,0,0,,0,0,,0,0,,,0,0,,0,0,0,0,0,0,0,0,0,0.0,-7
16,82.0,18,2021-11-22,02114,0,77002,W 108-90,,06:04,0,3,.000,0,0,,0,3,.000,.000,0,0,,0,0,0,1,0,0,2,0,0,-3.4,-6
17,83.0,19,2021-11-24,02114,0,11217,L 104-123,,04:08,1,2,.500,0,1,.000,1,1,1.000,.500,1,1,1.000,0,0,0,2,0,0,0,0,3,3.4,-1
18,84.0,21,2021-11-28,02114,1,51300,W 109-97,,10:13,0,3,.000,0,2,.000,0,1,.000,.000,0,0,,0,0,0,0,0,0,1,0,0,-3.1,11
19,85.0,24,2021-12-04,02114,1,97227,W 145-117,,18:14,6,12,.500,5,10,.500,1,2,.500,.708,2,2,1.000,0,2,2,3,1,0,0,1,19,16.3,7
20,86.0,25,2021-12-07,02114,1,90015,L 102-117,,12:00,2,6,.333,2,5,.400,0,1,.000,.500,0,0,,0,1,1,5,0,0,1,0,6,5.4,1
21,87.0,27,2021-12-10,02114,1,85004,L 90-111,,12:00,1,5,.200,1,2,.500,0,3,.000,.300,0,0,,1,1,2,3,0,0,0,0,3,3.0,-6
22,88.0,28,2021-12-13,02114,0,53203,W 117-103,,01:52,0,0,,0,0,,0,0,,,0,0,,0,0,0,0,0,0,0,0,0,0.0,-2
23,89.0,29,2021-12-17,02114,0,94607,L 107-111,,12:57,0,2,.000,0,2,.000,0,0,,.000,0,0,,0,1,1,3,0,0,0,0,0,1.0,-7
24,90.0,30,2021-12-18,02114,0,10001,W 114-107,,28:08,6,10,.600,4,7,.571,2,3,.667,.800,0,0,,0,3,3,3,0,1,2,1,16,12.7,11
25,91.0,31,2021-12-20,02114,0,19148,L 103-108,,21:37,6,9,.667,2,5,.400,4,4,1.000,.778,0,0,,0,3,3,2,2,0,1,2,14,12.6,2
26,92.0,32,2021-12-22,02114,0,44115,W 111-101,,20:54,3,7,.429,1,3,.333,2,4,.500,.500,0,0,,1,4,5,1,0,0,1,0,7,4.9,-2
27,93.0,33,2021-12-25,02114,1,53203,L 113-117,,30:27,6,14,.429,4,8,.500,2,6,.333,.571,0,0,,1,4,5,5,1,1,0,3,16,14.5,14
28,94.0,34,2021-12-27,02114,1,55403,L 103-108,*,44:32,8,22,.364,5,14,.357,3,8,.375,.477,3,3,1.000,1,7,8,6,1,0,2,4,24,16.2,1
29,95.0,35,2021-12-29,02114,0,90015,L 82-91,*,34:03,2,10,.200,0,5,.000,2,5,.400,.200,0,0,,1,2,3,3,0,0,1,3,4,-1.0,-25
30,96.0,36,2021-12-31,02114,0,85004,W 123-108,,12:54,4,4,1.000,3,3,1.000,1,1,1.000,1.375,0,0,,0,2,2,1,0,0,1,1,11,9.7,3
31,97.0,37,2022-01-02,02114,0,32801,W 116-111 (OT),,12:39,1,5,.200,1,4,.250,0,1,.000,.300,0,0,,1,2,3,0,0,0,2,0,3,-0.8,-10
32,98.0,42,2022-01-12,02114,1,46225,W 119-100,,11:27,1,5,.200,1,2,.500,0,3,.000,.300,0,0,,0,1,1,1,0,0,0,1,3,0.5,6
33,99.0,43,2022-01-14,02114,1,19148,L 99-111,,24:24,7,10,.700,3,4,.750,4,6,.667,.850,0,0,,0,3,3,4,1,0,1,1,17,16.1,-3
34,100.0,44,2022-01-15,02114,0,60612,W 114-112,,11:54,2,6,.333,2,5,.400,0,1,.000,.500,0,0,,0,1,1,1,0,0,1,1,6,2.2,-12
35,101.0,45,2022-01-17,02114,0,70112,W 104-92,,10:45,0,2,.000,0,2,.000,0,0,,.000,0,0,,0,1,1,0,0,0,0,0,0,-1.1,-12
36,102.0,46,2022-01-19,02114,0,28202,L 102-111,,11:24,0,2,.000,0,2,.000,0,0,,.000,0,0,,0,1,1,4,0,0,0,1,0,1.3,5
37,103.0,47,2022-01-21,02114,0,97227,L 105-109,,11:58,2,3,.667,2,3,.667,0,0,,1.000,0,0,,0,1,1,0,1,0,0,0,6,6.0,5
38,104.0,48,2022-01-23,02114,1,20004,W 116-87,,03:55,0,2,.000,0,1,.000,0,1,.000,.000,0,0,,0,1,1,1,0,0,1,1,0,-1.8,2
39,105.0,49,2022-01-25,02114,0,95814,W 128-75,,09:03,4,8,.500,1,3,.333,3,5,.600,.563,0,0,,0,1,1,3,1,0,0,0,9,8.4,8
40,106.0,50,2022-01-28,02114,1,30313,L 92-108,,02:56,1,4,.250,0,1,.000,1,3,.333,.250,0,0,,0,0,0,0,0,0,0,0,2,-0.4,1
41,107.0,51,2022-01-29,02114,1,70112,W 107-97,,02:07,0,1,.000,0,0,,0,1,.000,.000,0,0,,0,0,0,0,0,0,0,0,0,-0.7,-7
42,108.0,52,2022-01-31,02114,0,33132,W 122-92,,05:03,0,0,,0,0,,0,0,,,0,0,,0,1,1,2,0,0,1,1,0,0.3,5
43,109.0,54,2022-02-04,02114,1,48226,W 102-93,,04:04,1,1,1.000,0,0,,1,1,1.000,1.000,4,4,1.000,0,1,1,0,0,0,1,1,6,4.6,-13
44,110.0,55,2022-02-06,02114,1,32801,W 116-83,,05:01,2,2,1.000,1,1,1.000,1,1,1.000,1.250,2,2,1.000,0,0,0,1,0,0,0,1,7,6.7,5
45,111.0,56,2022-02-08,02114,1,11217,W 126-91,,13:59,4,6,.667,1,2,.500,3,4,.750,.750,0,0,,0,0,0,3,0,0,1,2,9,6.7,2
46,112.0,57,2022-02-11,02114,0,80204,W 108-102,,10:55,1,6,.167,1,3,.333,0,3,.000,.250,0,0,,1,1,2,1,1,0,0,3,3,0.7,3
47,113.0,58,2022-02-13,02114,0,30313,W 105-95,,11:05,0,3,.000,0,2,.000,0,1,.000,.000,0,0,,0,1,1,1,0,0,0,1,0,-1.5,10
48,114.0,59,2022-02-15,02114,1,19148,W 135-87,,19:28,2,4,.500,1,2,.500,1,2,.500,.625,0,0,,1,1,2,7,0,0,2,0,5,6.9,8
49,115.0,60,2022-02-16,02114,0,48226,L 111-112,,13:38,2,4,.500,0,2,.000,2,2,1.000,.500,0,0,,1,1,2,1,0,0,1,1,4,2.3,1
50,116.0,61,2022-02-24,02114,1,11217,W 129-106,,13:39,2,6,.333,2,6,.333,0,0,,.500,0,0,,0,1,1,2,1,0,0,0,6,5.3,4
51,117.0,62,2022-02-26,02114,1,48226,W 113-104,,26:59,8,12,.667,3,5,.600,5,7,.714,.792,0,0,,1,1,2,6,0,0,1,0,19,18.0,7
52,118.0,63,2022-02-27,02114,1,46225,L 107-128,,17:24,5,9,.556,4,8,.500,1,1,1.000,.778,0,0,,2,4,6,2,0,0,0,0,14,13.7,-5
53,119.0,64,2022-03-01,02114,0,30313,W 107-98,,19:11,1,4,.250,1,4,.250,0,0,,.375,0,0,,0,0,0,3,1,0,1,1,3,2.3,-1
54,120.0,65,2022-03-03,02114,0,38103,W 120-107,,13:26,2,4,.500,1,3,.333,1,1,1.000,.625,0,0,,1,1,2,2,0,0,0,1,5,5.0,5
55,121.0,66,2022-03-06,02114,0,11217,W 126-120,,12:34,1,3,.333,1,1,1.000,0,2,.000,.500,0,0,,2,1,3,1,2,0,0,0,3,5.7,7
56,122.0,67,2022-03-09,02114,1,28202,W 115-101,,09:08,1,5,.200,1,4,.250,0,1,.000,.300,0,0,,0,0,0,0,0,0,0,0,3,-0.1,-12
57,123.0,68,2022-03-11,02114,0,48226,W 114-103,,13:06,1,2,.500,0,1,.000,1,1,1.000,.500,2,2,1.000,0,2,2,0,1,0,0,2,4,3.8,1
58,124.0,69,2022-03-13,02114,0,75219,L 92-95,,17:09,3,7,.429,2,5,.400,1,2,.500,.571,0,0,,0,1,1,0,0,0,1,2,8,2.8,9
59,125.0,70,2022-03-16,02114,1,94607,W 110-88,,18:11,4,9,.444,2,6,.333,2,3,.667,.556,0,0,,0,1,1,2,0,0,0,2,10,6.2,14
60,126.0,71,2022-03-18,02114,1,95814,W 126-97,,20:54,5,5,1.000,4,4,1.000,1,1,1.000,1.400,0,0,,1,4,5,8,1,0,0,0,14,21.0,31
61,127.0,72,2022-03-20,02114,1,80204,W 124-104,,19:06,6,6,1.000,5,5,1.000,1,1,1.000,1.417,0,0,,0,2,2,3,1,0,0,1,17,18.5,9
62,128.0,73,2022-03-21,02114,1,73102,W 132-123,,25:26,6,13,.462,5,11,.455,1,2,.500,.654,1,1,1.000,0,3,3,2,1,0,2,0,18,12.6,-5
63,129.0,74,2022-03-23,02114,0,84101,W 125-97,,17:41,4,6,.667,3,4,.750,1,2,.500,.917,0,0,,1,2,3,1,2,0,0,0,11,12.4,11
64,130.0,75,2022-03-27,02114,0,55403,W 134-112,,21:01,4,7,.571,3,5,.600,1,2,.500,.786,0,0,,1,1,2,5,0,1,0,0,11,12.9,6
65,131.0,76,2022-03-28,02114,1,51300,L 112-115 (OT),,29:32,3,12,.250,2,9,.222,1,3,.333,.333,2,2,1.000,3,5,8,5,1,0,1,2,10,9.1,-4
66,132.0,77,2022-03-30,02114,0,33132,L 98-106,,19:40,1,3,.333,1,3,.333,0,0,,.500,0,0,,0,3,3,0,1,0,0,0,3,3.2,-5
67,133.0,78,2022-04-01,02114,0,46225,W 128-123,,13:13,2,5,.400,2,4,.500,0,1,.000,.600,0,0,,1,3,4,2,1,0,0,3,6,6.1,-1
68,134.0,79,2022-04-03,02114,0,20004,W 144-102,,17:55,5,8,.625,4,7,.571,1,1,1.000,.875,0,0,,0,1,1,3,0,0,1,1,14,11.4,12
69,135.0,80,2022-04-06,02114,1,60612,W 117-94,,17:50,3,7,.429,3,5,.600,0,2,.000,.643,0,0,,0,0,0,1,0,0,1,0,9,5.0,-2
70,136.0,81,2022-04-07,02114,1,53203,L 121-127,,19:16,5,10,.500,2,7,.286,3,3,1.000,.600,0,0,,2,2,4,2,2,1,1,1,12,11.7,2
71,137.0,82,2022-04-10,02114,1,38103,W 139-110,,15:23,4,8,.500,2,5,.400,2,3,.667,.625,2,2,1.000,2,2,4,4,1,0,0,1,12,13.4,18
1,138.0,3,2022-10-22,02114,1,32801,W 126-120,,03:41,1,2,.500,1,1,1.000,0,1,.000,.750,0,0,,0,0,0,0,0,0,0,1,3,1.6,-2
2,139.0,4,2022-10-24,02114,1,60612,L 102-120,,05:27,1,4,.250,1,2,.500,0,2,.000,.375,0,0,,0,1,1,2,0,0,0,0,3,2.3,3
3,140.0,6,2022-10-30,02114,0,20004,W 112-94,,07:24,0,1,.000,0,1,.000,0,0,,.000,1,2,.500,0,0,0,2,0,0,2,1,1,-1.1,1
4,141.0,11,2022-11-09,02114,0,48226,W 128-112,,12:46,2,6,.333,0,3,.000,2,3,.667,.333,0,0,,0,3,3,1,0,0,2,1,4,-0.2,-1
5,142.0,12,2022-11-11,02114,0,80204,W 131-112,,15:44,5,6,.833,0,1,.000,5,5,1.000,.833,1,2,.500,4,1,5,0,1,0,2,0,11,10.5,0
6,143.0,13,2022-11-12,02114,1,48226,W 117-108,,14:59,2,6,.333,1,3,.333,1,3,.333,.417,0,0,,1,1,2,2,0,0,2,0,5,2.0,16
7,144.0,14,2022-11-14,02114,0,73102,W 126-122,,14:03,4,8,.500,2,4,.500,2,4,.500,.625,0,0,,3,1,4,1,2,0,1,0,10,10.1,4
8,145.0,15,2022-11-16,02114,1,30313,W 126-101,,24:12,5,8,.625,4,6,.667,1,2,.500,.875,0,0,,0,3,3,4,1,0,1,2,14,13.3,5
9,146.0,16,2022-11-18,02114,1,70112,W 117-109,,04:47,0,1,.000,0,1,.000,0,0,,.000,0,0,,0,0,0,0,1,0,0,0,0,0.3,-10
10,147.0,18,2022-11-23,02114,0,75219,W 125-112,,01:38,0,1,.000,0,0,,0,1,.000,.000,0,0,,0,0,0,0,0,0,0,0,0,-0.7,-3
11,148.0,19,2022-11-25,02114,0,95814,W 122-104,,15:12,2,4,.500,2,3,.667,0,1,.000,.750,3,4,.750,0,1,1,0,0,0,0,0,9,6.9,22
12,149.0,20,2022-11-27,02114,0,20004,W 130-121,,17:04,1,4,.250,1,2,.500,0,2,.000,.375,0,0,,0,1,1,1,0,0,0,0,3,1.6,-13
13,150.0,21,2022-11-28,02114,0,28202,W 140-105,,17:23,2,9,.222,2,8,.250,0,1,.000,.333,0,0,,0,0,0,2,0,1,1,0,6,1.6,-9
14,151.0,24,2022-12-04,02114,1,11217,W 103-92,,16:16,3,8,.375,0,3,.000,3,5,.600,.375,0,0,,0,2,2,1,0,0,1,1,6,1.5,-5
15,152.0,26,2022-12-07,02114,1,85004,W 125-98,,10:06,2,5,.400,1,3,.333,1,2,.500,.500,2,2,1.000,1,1,2,1,1,0,1,1,7,5.6,-10
16,153.0,27,2022-12-10,02114,1,94607,L 107-123,,07:15,1,3,.333,1,3,.333,0,0,,.500,0,0,,1,0,1,1,0,0,0,0,3,2.7,-4
17,154.0,28,2022-12-12,02114,1,90015,L 93-113,,07:14,0,1,.000,0,1,.000,0,0,,.000,0,0,,0,0,0,2,0,0,1,0,0,-0.3,-2
18,155.0,31,2022-12-18,02114,0,32801,L 92-95,,03:46,0,2,.000,0,2,.000,0,0,,.000,0,0,,0,1,1,0,0,0,0,0,0,-1.1,-1
19,156.0,32,2022-12-21,02114,0,46225,L 112-117,*,17:23,1,4,.250,1,3,.333,0,1,.000,.375,0,0,,1,1,2,4,0,0,0,1,3,4.0,1
20,157.0,33,2022-12-23,02114,0,55403,W 121-109,,00:57,0,0,,0,0,,0,0,,,0,0,,0,0,0,0,0,0,0,0,0,0.0,-4
21,158.0,34,2022-12-25,02114,0,53203,W 139-118,,03:20,2,2,1.000,0,0,,2,2,1.000,1.000,0,0,,0,0,0,1,0,0,1,0,4,3.1,2
22,159.0,36,2022-12-29,02114,0,90015,W 116-110,,05:46,0,1,.000,0,1,.000,0,0,,.000,0,0,,0,0,0,0,0,0,0,0,0,-0.7,-7
23,160.0,37,2023-01-01,02114,1,80204,L 111-123,,02:05,0,0,,0,0,,0,0,,,1,2,.500,0,0,0,0,0,0,1,0,1,-0.4,2
24,161.0,38,2023-01-03,02114,1,73102,L 117-150,,14:46,7,13,.538,3,4,.750,4,9,.444,.654,0,0,,0,0,0,0,0,0,1,0,17,9.7,-5
25,162.0,39,2023-01-05,02114,1,75219,W 124-95,,02:43,1,1,1.000,0,0,,1,1,1.000,1.000,0,0,,0,0,0,0,1,0,1,0,2,1.7,1
26,163.0,41,2023-01-09,02114,0,60612,W 107-99,,03:38,0,0,,0,0,,0,0,,,0,0,,0,1,1,0,0,0,0,0,0,0.3,-2
27,164.0,42,2023-01-11,02114,0,70112,W 125-114,,17:49,1,6,.167,1,6,.167,0,0,,.250,0,0,,0,6,6,0,1,0,2,2,3,-0.8,-7
28,165.0,43,2023-01-12,02114,1,11217,W 109-98,,14:36,4,7,.571,1,3,.333,3,4,.750,.643,0,0,,3,0,3,0,1,0,0,3,9,7.6,13
29,166.0,44,2023-01-14,02114,1,28202,W 122-106,,26:45,4,11,.364,1,6,.167,3,5,.600,.409,0,0,,2,1,3,2,1,0,1,1,9,5.6,4
30,167.0,45,2023-01-16,02114,1,28202,W 130-118,,12:44,1,4,.250,1,3,.333,0,1,.000,.375,0,0,,0,0,0,0,0,0,0,2,3,-0.2,-3
31,168.0,47,2023-01-21,02114,1,51300,W 106-104,,25:52,4,7,.571,4,7,.571,0,0,,.857,0,0,,1,1,2,2,1,0,1,2,12,10.3,19
32,169.0,48,2023-01-23,02114,1,32801,L 98-113,,30:47,2,6,.333,1,4,.250,1,2,.500,.417,0,0,,0,3,3,4,0,0,1,2,5,3.5,0
33,170.0,49,2023-01-24,02114,1,33132,L 95-98,*,42:28,4,14,.286,2,9,.222,2,5,.400,.357,0,0,,1,6,7,4,1,0,2,3,10,4.9,1
34,171.0,50,2023-01-26,02114,0,10001,L 117-120 (OT),,12:51,3,6,.500,1,3,.333,2,3,.667,.583,0,0,,1,2,3,0,0,0,1,1,7,3.9,-6
35,172.0,51,2023-01-28,02114,0,90015,W 125-121 (OT),,05:30,0,1,.000,0,1,.000,0,0,,.000,0,0,,0,0,0,0,0,0,0,1,0,-1.1,4
36,173.0,52,2023-02-01,02114,0,11217,W 139-96,,16:09,2,5,.400,1,4,.250,1,1,1.000,.500,0,0,,2,0,2,2,0,0,1,1,5,3.7,8
37,174.0,53,2023-02-03,02114,0,85004,L 94-106,,12:04,1,2,.500,1,2,.500,0,0,,.750,0,0,,0,0,0,1,0,0,0,1,3,2.3,-8
38,175.0,54,2023-02-06,02114,1,48226,W 111-99,,11:02,1,3,.333,1,3,.333,0,0,,.500,0,0,,0,0,0,0,0,0,1,3,3,-0.9,-8
39,176.0,55,2023-02-08,02114,0,19148,W 106-99,,04:54,0,0,,0,0,,0,0,,,0,0,,0,1,1,0,0,0,0,0,0,0.3,4
40,177.0,56,2023-02-10,02114,0,28202,W 127-116,,21:10,3,8,.375,1,3,.333,2,5,.400,.438,0,0,,0,2,2,2,1,0,2,2,7,2.8,2
41,178.0,57,2023-02-12,02114,0,38103,W 119-109,,18:11,4,7,.571,4,7,.571,0,0,,.857,0,0,,0,1,1,3,0,0,0,0,12,11.1,5
42,179.0,58,2023-02-14,02114,1,53203,L 125-131 (OT),,14:00,2,6,.333,1,4,.250,1,2,.500,.417,1,1,1.000,0,0,0,0,1,0,0,2,6,2.8,-17
43,180.0,62,2023-02-27,02114,1,10001,L 94-109,,02:00,0,1,.000,0,0,,0,1,.000,.000,0,0,,0,1,1,0,0,0,0,0,0,-0.4,0
44,181.0,64,2023-03-03,02114,0,11217,L 105-115,,08:46,0,3,.000,0,1,.000,0,2,.000,.000,0,0,,1,0,1,1,0,0,0,1,0,-1.1,-7
45,182.0,66,2023-03-06,02114,1,44115,L 114-118 (OT),,16:08,2,8,.250,1,6,.167,1,2,.500,.313,2,2,1.000,0,4,4,1,0,0,1,0,7,3.1,2
46,183.0,76,2023-03-28,02114,1,20004,L 111-130,,09:21,2,5,.400,1,3,.333,1,2,.500,.500,0,0,,0,2,2,1,0,0,1,0,5,2.6,3
47,184.0,81,2023-04-07,02114,0,51300,W 121-102,,24:08,9,14,.643,4,8,.500,5,6,.833,.786,0,0,,2,2,4,5,0,0,1,1,22,19.9,13
48,185.0,82,2023-04-09,02114,0,30313,W 120-114,*,45:53,10,21,.476,9,16,.563,1,5,.200,.690,1,1,1.000,1,13,14,11,0,0,7,1,30,24.2,11
1,186.0,1,2023-10-25,02114,1,10001,W 108-104,,11:02,1,4,.250,0,3,.000,1,1,1.000,.250,2,2,1.000,0,1,1,1,0,0,0,1,4,2.2,-8
2,187.0,2,2023-10-27,02114,0,33132,W 119-111,,12:58,1,1,1.000,1,1,1.000,0,0,,1.500,0,0,,0,0,0,1,0,0,0,2,3,2.6,8
3,188.0,3,2023-10-30,02114,1,20004,W 126-107,,25:03,0,8,.000,0,6,.000,0,2,.000,.000,0,0,,1,6,7,6,1,0,4,3,0,-3.1,-2
4,189.0,4,2023-11-01,02114,0,46225,W 155-104,,26:15,6,10,.600,2,3,.667,4,7,.571,.700,1,1,1.000,1,3,4,9,0,0,0,2,15,17.5,32
5,190.0,5,2023-11-04,02114,1,11217,W 124-114,,19:11,0,4,.000,0,4,.000,0,0,,.000,0,0,,0,0,0,2,0,0,1,2,0,-3.2,-10
6,191.0,6,2023-11-06,02114,1,55403,L 109-114 (OT),,20:22,0,3,.000,0,1,.000,0,2,.000,.000,0,0,,3,3,6,3,0,0,0,2,0,2.2,13
7,192.0,7,2023-11-08,02114,1,19148,L 103-106,,16:01,0,4,.000,0,2,.000,0,2,.000,.000,0,0,,2,0,2,4,0,0,1,0,0,0.4,-2
8,193.0,8,2023-11-10,02114,0,11217,W 121-107,,30:28,5,10,.500,2,7,.286,3,3,1.000,.600,1,2,.500,4,1,5,3,1,0,0,1,13,13.4,9
9,194.0,9,2023-11-11,02114,0,51300,W 117-94,,24:30,2,5,.400,1,3,.333,1,2,.500,.500,2,2,1.000,3,3,6,4,0,0,1,1,7,8.7,14
10,195.0,10,2023-11-13,02114,0,10001,W 114-98,,19:21,2,3,.667,1,1,1.000,1,2,.500,.833,0,0,,0,3,3,3,0,0,0,3,5,5.5,5
11,196.0,11,2023-11-15,02114,1,19148,W 117-107,,23:15,2,5,.400,1,3,.333,1,2,.500,.500,0,0,,1,1,2,3,0,0,0,0,5,5.4,7
12,197.0,12,2023-11-17,02114,1,51300,W 108-105,,17:27,2,7,.286,1,5,.200,1,2,.500,.357,0,0,,1,2,3,3,1,0,0,1,5,4.9,11
13,198.0,13,2023-11-19,02114,1,38103,W 102-100,,15:13,2,5,.400,1,2,.500,1,3,.333,.500,2,4,.500,0,3,3,1,0,0,1,0,7,4.1,0
14,199.0,14,2023-11-20,02114,1,28202,L 118-121 (OT),,33:01,8,14,.571,5,8,.625,3,6,.500,.750,0,0,,2,4,6,3,2,0,0,1,21,20.7,16
15,200.0,15,2023-11-22,02114,0,53203,W 119-116,,21:23,4,7,.571,2,4,.500,2,3,.667,.714,0,0,,0,2,2,1,0,0,2,0,10,6.0,6
16,201.0,16,2023-11-24,02114,1,32801,L 96-113,,13:07,1,2,.500,0,0,,1,2,.500,.500,0,0,,0,1,1,2,0,0,1,0,2,1.7,-6
17,202.0,17,2023-11-26,02114,0,30313,W 113-103,,19:54,2,6,.333,2,6,.333,0,0,,.500,0,0,,0,2,2,0,0,0,0,0,6,3.2,-10
18,203.0,18,2023-11-28,02114,0,60612,W 124-97,,22:50,4,10,.400,3,7,.429,1,3,.333,.550,0,0,,1,4,5,2,1,0,0,0,11,9.9,11
19,204.0,19,2023-12-01,02114,0,19148,W 125-119,,23:21,3,7,.429,2,6,.333,1,1,1.000,.571,2,2,1.000,0,2,2,5,1,0,0,1,10,11.0,-2
20,205.0,20,2023-12-04,02114,1,46225,L 112-122,,15:19,0,5,.000,0,4,.000,0,1,.000,.000,0,0,,0,4,4,2,0,0,0,0,0,-0.9,-4
21,206.0,21,2023-12-08,02114,0,10001,W 133-123,,18:32,2,4,.500,1,3,.333,1,1,1.000,.625,0,0,,1,1,2,2,0,0,0,2,5,4.6,-12
22,207.0,22,2023-12-12,02114,0,44115,W 120-113,,11:48,2,5,.400,2,5,.400,0,0,,.600,0,0,,0,3,3,3,2,1,1,1,6,7.6,10
23,208.0,23,2023-12-14,02114,0,44115,W 116-107,,14:19,0,1,.000,0,1,.000,0,0,,.000,0,0,,0,3,3,2,0,1,0,1,0,1.9,1
24,209.0,24,2023-12-15,02114,0,32801,W 128-111,,28:17,7,10,.700,6,7,.857,1,3,.333,1.000,1,2,.500,1,2,3,5,1,0,0,4,21,20.6,8
25,210.0,25,2023-12-17,02114,0,32801,W 114-97,,20:37,2,5,.400,1,1,1.000,1,4,.250,.500,0,0,,2,4,6,3,0,1,1,3,5,5.5,10
26,211.0,26,2023-12-19,02114,1,94607,L 126-132 (OT),,19:20,4,6,.667,3,5,.600,1,1,1.000,.917,0,0,,0,0,0,2,0,0,1,1,11,8.4,-10
27,212.0,27,2023-12-20,02114,1,95814,W 144-119,,29:29,6,12,.500,6,11,.545,0,1,.000,.750,2,3,.667,0,4,4,4,1,0,1,1,20,17.2,10
28,213.0,28,2023-12-23,02114,1,90015,W 145-108,,23:11,3,8,.375,3,5,.600,0,3,.000,.563,0,0,,1,3,4,3,0,0,0,3,9,7.1,13
29,214.0,29,2023-12-25,02114,1,90015,W 126-115,,12:42,4,8,.500,2,6,.333,2,2,1.000,.625,0,0,,2,0,2,0,0,0,0,1,10,7.0,-5
30,215.0,30,2023-12-28,02114,0,48226,W 128-122 (OT),,23:35,4,11,.364,1,6,.167,3,5,.600,.409,0,0,,2,2,4,2,1,0,1,0,9,6.3,-9
31,216.0,31,2023-12-29,02114,0,51300,W 120-118,,25:08,3,10,.300,3,8,.375,0,2,.000,.450,0,0,,3,2,5,6,0,0,2,3,9,6.9,-3
32,217.0,32,2023-12-31,02114,1,78219,W 134-101,,18:58,4,8,.500,1,5,.200,3,3,1.000,.563,0,2,.000,1,2,3,7,0,0,0,0,9,10.4,10
33,218.0,33,2024-01-02,02114,1,73102,L 123-127,,25:27,2,5,.400,1,4,.250,1,1,1.000,.500,0,0,,1,2,3,4,2,0,0,1,5,8.0,9
34,219.0,34,2024-01-05,02114,0,84101,W 126-97,,23:10,3,10,.300,1,7,.143,2,3,.667,.350,0,0,,1,1,2,4,1,0,3,3,7,1.8,14
35,220.0,35,2024-01-06,02114,1,46225,W 118-101,,15:28,2,5,.400,1,3,.333,1,2,.500,.500,0,0,,0,2,2,0,1,0,0,0,5,3.9,10
36,221.0,36,2024-01-08,02114,1,46225,L 131-133,,23:27,5,6,.833,4,5,.800,1,1,1.000,1.167,0,0,,4,3,7,3,0,0,1,2,14,15.8,-2
37,222.0,37,2024-01-10,02114,0,55403,W 127-120 (OT),,16:22,1,4,.250,1,3,.333,0,1,.000,.375,0,0,,0,1,1,1,0,0,0,0,3,1.6,3
38,223.0,38,2024-01-11,02114,1,53203,L 102-135,,30:35,6,13,.462,2,9,.222,4,4,1.000,.538,7,7,1.000,0,4,4,4,0,1,1,1,21,17.6,-13
39,224.0,39,2024-01-13,02114,0,77002,W 145-113,,22:35,7,10,.700,3,6,.500,4,4,1.000,.850,2,2,1.000,2,2,4,3,0,0,2,1,19,16.5,12
40,225.0,40,2024-01-15,02114,1,51300,W 105-96,,23:44,1,7,.143,1,6,.167,0,1,.000,.214,0,0,,0,3,3,2,0,0,0,2,3,0.0,16
41,226.0,41,2024-01-17,02114,0,78219,W 117-98,,27:07,4,10,.400,2,4,.500,2,6,.333,.500,2,2,1.000,1,2,3,4,1,0,0,2,12,10.9,17
42,227.0,42,2024-01-19,02114,0,80204,L 100-102,,12:21,1,2,.500,1,1,1.000,0,1,.000,.750,0,0,,1,1,2,1,0,0,0,1,3,3.3,0
43,228.0,43,2024-01-21,02114,1,77002,W 116-107,,30:20,3,6,.500,3,5,.600,0,1,.000,.750,0,0,,1,1,2,4,2,0,0,1,9,11.4,5
44,229.0,44,2024-01-22,02114,1,75219,W 119-110,,24:30,2,7,.286,1,4,.250,1,3,.333,.357,0,0,,1,6,7,6,1,1,1,1,5,7.9,16
45,230.0,45,2024-01-25,02114,1,33132,W 143-110,,23:11,4,7,.571,1,2,.500,3,5,.600,.643,2,2,1.000,0,3,3,3,0,0,0,0,11,10.7,13
46,231.0,46,2024-01-27,02114,0,90015,L 96-115,,21:01,4,8,.500,3,7,.429,1,1,1.000,.688,1,1,1.000,0,4,4,2,0,0,0,1,12,10.2,-12
47,232.0,47,2024-01-29,02114,0,70112,W 118-112,,14:22,2,5,.400,1,4,.250,1,1,1.000,.500,0,0,,0,0,0,0,1,0,1,3,5,1.1,-8
48,233.0,48,2024-01-30,02114,0,46225,W 129-124,,16:30,1,4,.250,1,3,.333,0,1,.000,.375,0,0,,1,3,4,3,0,0,0,2,3,3.5,12
49,234.0,49,2024-02-01,02114,0,90015,L 105-114,,21:18,3,6,.500,2,5,.400,1,1,1.000,.667,0,0,,0,0,0,1,0,1,1,1,8,5.0,13
50,235.0,50,2024-02-04,02114,0,38103,W 131-91,,15:00,2,8,.250,0,6,.000,2,2,1.000,.250,2,2,1.000,1,1,2,3,1,0,1,2,6,3.5,2
51,236.0,51,2024-02-07,02114,0,30313,W 125-117,,15:55,3,5,.600,2,4,.500,1,1,1.000,.800,0,0,,0,2,2,2,1,0,2,1,8,6.3,11
52,237.0,52,2024-02-09,02114,0,20004,W 133-129,,16:54,4,7,.571,2,5,.400,2,2,1.000,.714,1,1,1.000,0,6,6,1,0,0,0,0,11,10.2,7
53,238.0,53,2024-02-11,02114,1,33132,W 110-106,,15:19,3,5,.600,2,4,.500,1,1,1.000,.800,0,0,,1,2,3,2,0,0,0,0,8,8.4,-6
54,239.0,54,2024-02-13,02114,1,11217,W 118-110,,15:24,1,6,.167,1,5,.200,0,1,.000,.250,0,0,,1,2,3,1,0,0,1,3,3,-1.0,-8
55,240.0,55,2024-02-14,02114,0,11217,W 136-86,,31:44,11,16,.688,6,9,.667,5,7,.714,.875,0,0,,1,3,4,3,0,0,0,1,28,24.5,29
56,241.0,56,2024-02-22,02114,1,60612,W 129-112,,19:51,3,6,.500,3,6,.500,0,0,,.750,0,0,,0,3,3,1,0,0,2,0,9,5.6,-1
57,242.0,57,2024-02-24,02114,1,10001,W 116-102,,15:17,1,3,.333,0,1,.000,1,2,.500,.333,0,0,,2,0,2,2,1,0,1,2,2,2.3,3
58,243.0,58,2024-02-27,02114,0,19148,W 117-99,,16:12,1,4,.250,0,3,.000,1,1,1.000,.250,0,0,,0,2,2,0,1,0,1,1,2,-0.2,-13
59,244.0,59,2024-03-01,02114,0,75219,W 138-110,,16:01,4,7,.571,2,4,.500,2,3,.667,.714,0,0,,1,1,2,1,0,0,1,2,10,6.6,6
60,245.0,60,2024-03-03,02114,0,94607,W 140-88,,27:21,8,12,.667,3,5,.600,5,7,.714,.792,0,0,,0,6,6,6,2,0,2,3,19,18.6,17
61,246.0,61,2024-03-05,02114,1,44115,L 104-105,,12:50,1,3,.333,0,1,.000,1,2,.500,.333,0,0,,1,4,5,1,0,0,2,1,2,0.5,-7
62,247.0,62,2024-03-07,02114,1,80204,L 109-115,,10:36,0,1,.000,0,1,.000,0,0,,.000,0,0,,0,0,0,0,0,0,0,1,0,-1.1,-1
63,248.0,63,2024-03-09,02114,1,85004,W 117-107,,22:31,4,6,.667,2,4,.500,2,2,1.000,.833,0,0,,1,1,2,1,1,0,0,0,10,10.1,13
64,249.0,64,2024-03-11,02114,1,97227,W 121-99,*,29:41,5,11,.455,1,4,.250,4,7,.571,.500,0,0,,1,7,8,8,0,0,0,0,11,13.7,12
65,250.0,65,2024-03-12,02114,1,84101,W 123-107,,25:17,3,12,.250,2,9,.222,1,3,.333,.333,2,2,1.000,0,2,2,2,0,0,1,2,10,3.0,14
66,251.0,66,2024-03-14,02114,0,85004,W 127-112,,19:07,1,3,.333,1,1,1.000,0,2,.000,.500,0,0,,1,2,3,1,1,0,3,1,3,0.9,-2
67,252.0,67,2024-03-17,02114,1,20004,W 130-104,,34:54,6,15,.400,2,5,.400,4,10,.400,.467,0,0,,2,3,5,13,1,0,1,0,14,17.3,16
68,253.0,68,2024-03-18,02114,0,48226,W 119-94,*,37:57,8,14,.571,5,9,.556,3,5,.600,.750,2,2,1.000,1,1,2,7,0,0,2,1,23,19.9,19
69,254.0,69,2024-03-20,02114,0,53203,W 122-119,,31:29,7,11,.636,5,8,.625,2,3,.667,.864,0,0,,2,4,6,3,0,0,1,2,19,17.0,2
70,255.0,70,2024-03-22,02114,1,48226,W 129-102,*,37:43,8,15,.533,4,9,.444,4,6,.667,.667,0,0,,0,2,2,9,0,0,1,2,20,17.8,15
71,256.0,71,2024-03-23,02114,1,60612,W 124-113,,33:44,5,13,.385,2,6,.333,3,7,.429,.462,3,3,1.000,0,3,3,8,1,0,0,1,15,15.0,17
72,257.0,72,2024-03-25,02114,1,30313,L 118-120,,27:34,7,12,.583,1,5,.200,6,7,.857,.625,0,2,.000,1,4,5,6,0,0,0,3,15,13.5,-5
73,258.0,73,2024-03-28,02114,1,30313,L 122-123 (OT),,18:44,1,3,.333,0,1,.000,1,2,.500,.333,2,2,1.000,0,1,1,2,1,0,1,1,4,3.6,-11
74,259.0,74,2024-03-30,02114,1,70112,W 104-92,,17:05,1,3,.333,0,2,.000,1,1,1.000,.333,0,0,,2,1,3,0,0,0,1,1,2,0.6,3
75,260.0,75,2024-04-01,02114,1,28202,W 118-104,,27:55,3,7,.429,0,4,.000,3,3,1.000,.429,1,2,.500,1,2,3,5,0,0,1,4,7,5.1,6
76,261.0,76,2024-04-03,02114,0,73102,W 135-100,,27:47,4,10,.400,1,4,.250,3,6,.500,.450,2,2,1.000,1,3,4,8,2,0,0,0,11,14.8,23
77,262.0,77,2024-04-05,02114,0,95814,W 101-100,,33:25,8,16,.500,5,10,.500,3,6,.500,.656,0,0,,1,0,1,3,2,0,1,3,21,15.6,2
78,263.0,78,2024-04-07,02114,0,97227,W 124-107,,25:44,9,13,.692,2,4,.500,7,9,.778,.769,0,0,,0,3,3,8,1,0,2,1,20,19.6,19
79,264.0,79,2024-04-09,02114,1,53203,L 91-104,,23:38,2,9,.222,2,8,.250,0,1,.000,.333,0,0,,0,2,2,3,1,0,1,0,6,3.2,1
80,265.0,80,2024-04-11,02114,0,10001,L 109-118,,20:50,7,13,.538,2,4,.500,5,9,.556,.615,0,0,,2,2,4,6,0,0,0,0,16,15.9,22
81,266.0,81,2024-04-12,02114,0,28202,W 131-98,*,30:52,14,22,.636,3,8,.375,11,14,.786,.705,0,0,,0,3,3,11,1,0,2,2,31,28.0,15
82,267.0,82,2024-04-14,02114,0,20004,W 132-122,*,43:43,15,21,.714,4,6,.667,11,15,.733,.810,4,4,1.000,1,8,9,12,0,0,2,3,38,37.6,13
1,268.0,1,2024-10-22,02114,0,10001,W 132-109,,24:58,1,10,.100,1,9,.111,0,1,.000,.150,0,0,,1,3,4,4,0,0,1,2,3,-1.0,7
2,269.0,2,2024-10-24,02114,1,20004,W 122-102,,27:57,5,11,.455,5,10,.500,0,1,.000,.682,0,0,,0,1,1,2,0,0,0,1,15,10.6,11
3,270.0,3,2024-10-26,02114,1,48226,W 124-118,,19:17,5,8,.625,5,7,.714,0,1,.000,.938,4,4,1.000,0,2,2,0,1,0,0,1,19,16.6,-5
4,271.0,4,2024-10-28,02114,0,53203,W 119-108,,27:41,10,14,.714,8,12,.667,2,2,1.000,1.000,0,0,,2,3,5,3,2,0,2,2,28,25.8,12
5,272.0,5,2024-10-30,02114,1,46225,L 132-135 (OT),,38:34,5,14,.357,4,11,.364,1,3,.333,.500,2,2,1.000,2,2,4,4,1,0,1,2,16,12.2,8
6,273.0,6,2024-11-01,02114,1,28202,W 124-109,,27:50,1,6,.167,0,5,.000,1,1,1.000,.167,5,6,.833,0,2,2,3,5,0,1,0,7,9.5,13
7,274.0,7,2024-11-02,02114,1,28202,W 113-103,,29:06,8,15,.533,6,12,.500,2,3,.667,.733,0,0,,1,2,3,2,0,0,1,3,22,15.2,7
8,275.0,8,2024-11-04,02114,1,30313,W 123-93,,25:29,7,12,.583,3,8,.375,4,4,1.000,.708,1,1,1.000,0,3,3,4,1,0,3,1,18,13.7,21
9,276.0,9,2024-11-06,02114,0,94607,L 112-118,,32:10,5,13,.385,3,11,.273,2,2,1.000,.500,3,3,1.000,2,1,3,3,0,0,2,4,16,9.1,-8
10,277.0,10,2024-11-08,02114,0,11217,W 108-104 (OT),,33:38,6,11,.545,3,7,.429,3,4,.750,.682,5,5,1.000,0,1,1,0,1,0,1,2,20,14.2,11
11,278.0,11,2024-11-10,02114,1,53203,W 113-107,,22:50,6,10,.600,5,8,.625,1,2,.500,.850,1,1,1.000,1,0,1,3,0,0,3,1,18,12.8,-8
12,279.0,12,2024-11-12,02114,0,30313,L 116-117,,25:17,2,8,.250,2,8,.250,0,0,,.375,0,0,,0,1,1,2,3,0,1,2,6,4.1,-9
13,280.0,13,2024-11-13,02114,1,11217,W 139-114,,36:13,8,13,.615,5,9,.556,3,4,.750,.808,2,4,.500,2,4,6,8,2,1,1,3,23,25.0,14
14,281.0,14,2024-11-16,02114,0,51300,W 126-123 (OT),,23:53,2,8,.250,2,7,.286,0,1,.000,.375,0,0,,0,0,0,1,0,0,0,2,6,1.1,6
15,282.0,15,2024-11-19,02114,0,44115,W 120-117,,25:43,5,9,.556,3,6,.500,2,3,.667,.722,0,0,,1,1,2,3,1,0,0,2,13,12.0,-14
16,283.0,16,2024-11-22,02114,1,20004,W 108-96,,22:33,3,6,.500,1,3,.333,2,3,.667,.583,2,3,.667,1,1,2,4,1,0,0,2,9,9.6,0
17,284.0,17,2024-11-24,02114,0,55403,W 107-105,,22:21,3,7,.429,1,5,.200,2,2,1.000,.500,1,1,1.000,1,3,4,3,0,0,0,2,8,7.2,-3
18,285.0,18,2024-11-25,02114,0,90015,W 126-94,,25:46,7,13,.538,6,10,.600,1,3,.333,.769,0,0,,0,2,2,4,2,0,1,0,20,18.1,30
19,286.0,19,2024-11-29,02114,1,60612,W 138-129,,28:31,10,16,.625,7,11,.636,3,5,.600,.844,2,2,1.000,4,3,7,1,1,0,0,1,29,26.8,11
20,287.0,20,2024-12-01,02114,1,44115,L 111-115,,36:07,7,16,.438,3,10,.300,4,6,.667,.531,7,8,.875,1,6,7,3,0,1,1,2,24,18.7,-11
21,288.0,21,2024-12-02,02114,0,33132,W 108-89,,32:55,10,17,.588,5,12,.417,5,5,1.000,.735,0,0,,1,4,5,4,2,1,1,1,25,23.1,16
22,289.0,22,2024-12-04,02114,0,48226,W 130-120,,34:22,7,15,.467,5,13,.385,2,2,1.000,.633,0,0,,4,1,5,4,1,0,4,3,19,13.0,-1
23,290.0,23,2024-12-06,02114,0,53203,W 111-105,,24:25,0,3,.000,0,2,.000,0,1,.000,.000,0,0,,1,2,3,2,0,0,0,1,0,0.2,-4
24,291.0,24,2024-12-07,02114,0,38103,L 121-127,,29:59,7,12,.583,6,11,.545,1,1,1.000,.833,2,4,.500,2,4,6,2,1,0,1,1,22,19.2,8
25,292.0,25,2024-12-12,02114,0,48226,W 123-99,,31:00,10,20,.500,7,15,.467,3,5,.600,.675,0,0,,0,4,4,10,0,0,1,0,27,24.2,22
26,293.0,26,2024-12-15,02114,1,20004,W 112-98,,36:50,5,12,.417,5,10,.500,0,2,.000,.625,0,0,,4,7,11,6,0,0,3,3,15,13.5,17
27,294.0,27,2024-12-19,02114,0,60612,L 108-117,,30:23,5,12,.417,4,10,.400,1,2,.500,.583,0,0,,4,2,6,3,1,0,0,1,14,13.7,-10
28,295.0,28,2024-12-21,02114,1,60612,W 123-98,,31:40,2,7,.286,2,6,.333,0,1,.000,.429,0,0,,3,1,4,2,2,0,0,1,6,7.3,31
29,296.0,29,2024-12-23,02114,1,32801,L 104-108,,21:06,3,7,.429,1,5,.200,2,2,1.000,.500,0,0,,1,2,3,1,0,0,2,1,7,2.9,-12
30,297.0,30,2024-12-25,02114,0,19148,L 114-118,,33:14,1,9,.111,0,8,.000,1,1,1.000,.111,2,2,1.000,2,1,3,5,0,0,1,2,4,1.5,-12
31,298.0,31,2024-12-27,02114,0,46225,W 142-105,,31:37,7,16,.438,4,10,.400,3,6,.500,.563,0,0,,5,3,8,10,1,1,0,5,18,20.7,25
32,299.0,32,2024-12-29,02114,0,46225,L 114-123,,27:42,7,13,.538,5,8,.625,2,5,.400,.731,2,2,1.000,1,3,4,3,0,0,2,2,21,15.6,-2
33,300.0,33,2024-12-31,02114,0,51300,W 125-71,,22:56,7,13,.538,5,8,.625,2,5,.400,.731,0,0,,1,5,6,4,3,0,2,1,19,18.3,36
34,301.0,34,2025-01-02,02114,1,55403,W 118-115,,24:42,3,8,.375,2,6,.333,1,2,.500,.500,1,2,.500,1,1,2,4,1,0,0,1,9,8.6,5
35,302.0,35,2025-01-03,02114,1,77002,W 109-86,,32:14,8,10,.800,4,6,.667,4,4,1.000,1.000,0,0,,1,3,4,2,0,1,0,1,20,19.5,21
36,303.0,36,2025-01-05,02114,1,73102,L 92-105,,10:53,0,5,.000,0,3,.000,0,2,.000,.000,0,0,,1,0,1,1,0,0,0,1,0,-2.5,-3
37,304.0,37,2025-01-07,02114,1,80204,W 118-106,,19:34,1,6,.167,1,5,.200,0,1,.000,.250,0,0,,2,1,3,4,1,0,2,0,3,2.7,-4
38,305.0,38,2025-01-10,02114,0,95814,L 97-114,,27:27,4,11,.364,1,7,.143,3,4,.750,.409,0,0,,1,1,2,2,1,0,1,3,9,4.1,-8
39,306.0,39,2025-01-12,02114,0,70112,W 120-119,,23:50,4,10,.400,3,8,.375,1,2,.500,.550,0,0,,0,1,1,4,0,0,0,1,11,8.3,12
40,307.0,40,2025-01-15,02114,1,51300,L 97-110,,30:51,7,11,.636,4,8,.500,3,3,1.000,.818,2,3,.667,2,0,2,4,1,0,0,3,20,18.7,6
41,308.0,41,2025-01-17,02114,0,32801,W 121-94,,20:55,2,3,.667,0,0,,2,3,.667,.667,0,0,,2,0,2,3,0,0,4,3,4,1.0,4
42,309.0,42,2025-01-18,02114,0,30313,L 115-119 (OT),,32:56,7,12,.583,4,8,.500,3,4,.750,.750,2,2,1.000,1,5,6,1,0,0,0,2,20,16.5,-6
43,310.0,43,2025-01-20,02114,1,94607,W 125-85,,21:48,5,10,.500,2,6,.333,3,4,.750,.600,2,2,1.000,1,1,2,9,1,1,0,1,14,17.6,24
44,311.0,44,2025-01-22,02114,1,90015,W 117-113 (OT),,27:40,4,11,.364,1,7,.143,3,4,.750,.409,0,0,,2,2,4,3,0,0,3,0,9,4.0,10
45,312.0,45,2025-01-23,02114,1,90015,L 96-117,,24:14,2,12,.167,1,5,.200,1,7,.143,.208,2,2,1.000,0,2,2,2,0,1,0,0,7,2.1,-17
46,313.0,46,2025-01-25,02114,1,75219,W 122-107,,26:34,2,4,.500,2,4,.500,0,0,,.750,0,0,,3,6,9,4,1,0,0,2,6,10.9,21
47,314.0,47,2025-01-27,02114,0,77002,L 112-114,,30:36,5,7,.714,5,6,.833,0,1,.000,1.071,0,0,,0,4,4,3,1,0,0,1,15,16.0,-7
48,315.0,48,2025-01-29,02114,0,60612,W 122-100,,34:13,4,6,.667,2,3,.667,2,3,.667,.833,0,0,,0,2,2,7,2,1,1,1,10,14.2,13
49,316.0,49,2025-01-31,02114,1,70112,W 118-116,,17:16,1,4,.250,1,3,.333,0,1,.000,.375,0,0,,0,1,1,0,3,1,1,1,3,3.2,0
50,317.0,51,2025-02-04,02114,1,44115,W 112-105,,28:49,3,7,.429,3,7,.429,0,0,,.643,0,0,,3,3,6,3,1,0,2,2,9,8.6,19
51,318.0,52,2025-02-06,02114,0,75219,L 120-127,,32:52,9,15,.600,3,9,.333,6,6,1.000,.700,0,0,,1,5,6,6,0,1,2,4,21,17.6,-3
52,319.0,53,2025-02-08,02114,1,10001,W 131-104,,27:24,9,13,.692,6,8,.750,3,5,.600,.923,1,2,.500,0,4,4,4,0,0,1,0,25,22.1,29
53,320.0,54,2025-02-10,02114,1,33132,W 103-85,,36:26,2,9,.222,1,8,.125,1,1,1.000,.278,0,0,,0,10,10,8,2,0,0,1,5,9.7,17
54,321.0,55,2025-02-12,02114,0,78219,W 116-103,,31:24,4,12,.333,2,10,.200,2,2,1.000,.417,0,0,,4,3,7,3,0,0,1,3,10,6.8,12
55,322.0,56,2025-02-20,02114,1,19148,W 124-104,,31:23,10,18,.556,8,15,.533,2,3,.667,.778,0,0,,0,0,0,4,0,0,1,0,28,21.2,8
56,323.0,57,2025-02-23,02114,0,10001,W 118-105,,16:41,1,5,.200,1,5,.200,0,0,,.300,0,0,,1,3,4,2,0,1,0,1,3,3.2,-12
57,324.0,58,2025-02-25,02114,1,51300,W 111-101,,34:43,8,17,.471,4,13,.308,4,4,1.000,.588,0,0,,2,5,7,2,2,0,1,1,20,16.2,4
58,325.0,59,2025-02-26,02114,1,48226,L 97-117,,31:23,6,10,.600,5,8,.625,1,2,.500,.850,1,1,1.000,1,2,3,4,1,0,1,0,18,17.5,-5
59,326.0,60,2025-02-28,02114,0,44115,L 116-123,,25:24,2,4,.500,2,4,.500,0,0,,.750,0,0,,0,0,0,1,1,0,2,2,6,2.9,-36
60,327.0,61,2025-03-02,02114,0,80204,W 110-103,,25:47,4,7,.571,3,5,.600,1,2,.500,.786,0,0,,0,1,1,3,0,0,0,1,11,9.7,10
61,328.0,62,2025-03-05,02114,0,97227,W 128-118,,42:51,14,20,.700,10,16,.625,4,4,1.000,.950,5,5,1.000,4,6,10,5,0,0,0,2,43,41.9,12
62,329.0,63,2025-03-06,02114,0,19148,W 123-105,,32:18,6,13,.462,4,8,.500,2,5,.400,.615,3,3,1.000,3,1,4,6,2,0,0,1,19,20.5,14
63,330.0,64,2025-03-08,02114,0,90015,W 111-101,,22:30,1,5,.200,1,4,.250,0,1,.000,.300,0,0,,0,2,2,2,0,2,0,1,3,2.9,-2
64,331.0,65,2025-03-10,02114,0,84101,W 114-108,,25:55,3,11,.273,2,8,.250,1,3,.333,.364,0,0,,0,1,1,3,2,0,0,1,8,5.5,-4
65,332.0,66,2025-03-12,02114,0,73102,L 112-118,,24:58,3,10,.300,2,9,.222,1,1,1.000,.400,0,0,,1,0,1,1,0,0,1,1,8,2.2,1
66,333.0,67,2025-03-14,02114,1,33132,W 103-91,,27:10,4,12,.333,3,9,.333,1,3,.333,.458,0,0,,1,2,3,0,3,0,2,2,11,5.7,0
67,334.0,68,2025-03-15,02114,1,11217,W 115-113,,32:58,7,11,.636,5,8,.625,2,3,.667,.864,3,4,.750,2,4,6,3,2,0,2,1,22,21.0,6
68,335.0,69,2025-03-18,02114,0,11217,W 104-96,,33:37,3,9,.333,3,7,.429,0,2,.000,.500,1,1,1.000,1,3,4,2,0,0,0,0,10,7.9,14
69,336.0,70,2025-03-21,02114,1,84101,W 121-99,,31:35,6,13,.462,4,11,.364,2,2,1.000,.615,2,3,.667,1,1,2,4,1,0,1,2,18,13.9,14
70,337.0,71,2025-03-23,02114,1,97227,W 129-116,*,31:41,6,14,.429,4,9,.444,2,5,.400,.571,0,0,,1,3,4,5,0,0,0,3,16,12.5,6
71,338.0,72,2025-03-24,02114,1,95814,W 113-95,,34:36,8,18,.444,5,13,.385,3,5,.600,.583,1,2,.500,1,4,5,2,1,0,2,1,22,14.1,18
72,339.0,73,2025-03-26,02114,1,85004,W 132-102,,24:48,3,10,.300,1,8,.125,2,2,1.000,.350,0,0,,1,5,6,4,1,0,2,2,7,4.4,3
73,340.0,75,2025-03-31,02114,1,38103,W 117-103,,25:35,2,6,.333,1,5,.200,1,1,1.000,.417,0,0,,2,4,6,1,1,0,1,3,5,3.7,-6
74,341.0,76,2025-04-02,02114,0,33132,L 103-124,,31:17,4,9,.444,2,6,.333,2,3,.667,.556,0,0,,2,2,4,2,0,1,1,0,10,8.4,-7
75,342.0,77,2025-04-04,02114,0,85004,W 123-103,,22:20,4,5,.800,2,3,.667,2,2,1.000,1.000,0,0,,0,1,1,3,0,0,1,1,10,9.1,11
76,343.0,78,2025-04-06,02114,0,20004,W 124-90,,29:32,8,18,.444,4,11,.364,4,7,.571,.556,0,0,,1,5,6,7,2,0,1,1,20,18.3,27
77,344.0,79,2025-04-08,02114,1,10001,W 119-117 (OT),,29:53,3,6,.500,0,3,.000,3,3,1.000,.500,2,2,1.000,1,4,5,3,1,0,1,1,8,8.6,-10
78,345.0,80,2025-04-09,02114,1,32801,L 76-96,*,34:59,7,17,.412,1,7,.143,6,10,.600,.441,0,0,,0,4,4,10,1,0,3,2,15,11.3,-12
79,346.0,81,2025-04-11,02114,0,28202,W 130-94,,21:42,9,11,.818,4,5,.800,5,6,.833,1.000,0,0,,0,3,3,3,1,0,2,0,22,19.9,16
80,347.0,82,2025-04-13,02114,0,28202,W 93-86,*,38:30,14,25,.560,4,12,.333,10,13,.769,.640,2,2,1.000,3,4,7,7,1,0,4,0,34,27.3,8
