Gcar,Gtm,Date,Team,,Opp,Result,GS,MP,FG,FGA,FG%,3P,3PA,3P%,2P,2PA,2P%,eFG%,FT,FTA,FT%,ORB,DRB,TRB,AST,STL,BLK,TOV,PF,PTS,GmSc,+/-
1,2018-10-17,20-097,90303,0,80204,L (-9),0,28:12,5,6,.833,0,0,0,1,1,1.000,0,2,2,4,1,1,3,1,11,10.5,0
2,2018-10-19,20-099,90303,0,73102,W (+16),0,23:16,0,2,.000,0,1,.000,2,2,1.000,0,3,3,4,0,0,2,2,2,1.5,+12
3,2018-10-21,20-101,90303,0,77002,W (+3),0,25:35,4,8,.500,0,1,.000,4,4,1.000,1,4,5,4,1,0,2,0,12,11.7,+21
4,2018-10-23,20-103,90303,1,70003,L (-7),0,22:11,3,8,.375,1,1,1.000,2,2,1.000,2,2,4,2,1,1,3,4,9,5.1,-11
5,2018-10-26,20-106,90303,1,77002,W (+20),0,31:09,3,7,.429,1,1,1.000,3,4,.750,0,1,1,1,2,0,0,1,10,8.5,+13
6,2018-10-28,20-108,90303,0,20004,W (+32),0,28:22,4,8,.500,1,1,1.000,1,2,.500,2,6,8,7,2,0,1,4,10,13.1,+24
7,2018-10-30,20-110,90303,1,73102,L (-18),0,22:40,2,4,.500,0,1,.000,1,1,1.000,0,0,0,3,0,1,2,0,5,3.8,-10
8,2018-11-01,20-112,90303,1,19148,L (-9),0,17:31,3,8,.375,0,0,0,1,1,1.000,0,2,2,2,0,1,1,2,7,3.5,-18
9,2018-11-02,20-113,90303,1,32801,W (+25),0,24:47,2,6,.333,0,2,.000,4,4,1.000,0,1,1,1,1,0,3,3,8,2.4,+22
10,2018-11-05,20-116,90303,0,55403,W (+11),1,24:33,2,6,.333,0,1,.000,2,2,1.000,2,1,3,5,1,1,2,2,6,6.7,+7
11,2018-11-08,20-119,90303,1,97227,L (-11),1,35:21,7,12,.583,2,2,1.000,3,6,.500,1,2,3,2,0,1,1,3,19,13.4,-16
12,2018-11-10,20-121,90303,0,53203,W (+2),1,39:51,5,13,.385,2,3,.667,4,4,1.000,1,5,6,4,1,3,2,3,16,13.8,+6
13,2018-11-12,20-123,90303,0,94103,W (+5),1,38:27,8,11,.727,0,3,.000,2,2,1.000,0,5,5,3,2,1,4,1,18,15.4,-3
14,2018-11-15,20-126,90303,0,78219,W (+5),1,27:05,4,9,.444,0,2,.000,1,2,.500,2,3,5,0,0,0,2,4,9,2.6,+3
15,2018-11-17,20-128,90303,1,11217,W (+8),1,20:01,2,9,.222,0,1,.000,0,0,0,0,2,2,2,0,0,1,5,4,-2.5,-10
16,2018-11-19,20-130,90303,1,30303,W (+8),1,29:09,5,9,.556,0,2,.000,6,8,.750,2,0,2,1,1,1,3,1,16,11.3,-7
17,2018-11-20,20-131,90303,1,20004,L (-7),1,28:54,6,11,.545,1,4,.250,4,5,.800,1,2,3,3,3,1,2,0,17,16.4,+5
18,2018-11-23,20-134,90303,0,38103,W (+5),1,29:05,4,14,.286,0,2,.000,0,0,0,1,1,2,5,1,0,1,1,8,3.9,-10
19,2018-11-25,20-136,90303,1,97227,W (+4),1,29:37,4,9,.444,0,1,.000,4,5,.800,0,4,4,2,1,1,2,1,12,8.8,+13
20,2018-11-28,20-139,90303,0,85004,W (+16),1,28:55,5,11,.455,2,2,1.000,1,2,.500,3,4,7,6,1,1,4,0,13,12.1,+24
21,2018-11-29,20-140,90303,1,95814,W (+12),1,32:28,6,9,.667,1,1,1.000,4,5,.800,1,4,5,4,2,2,0,3,17,19.6,+20
22,2018-12-02,20-143,90303,1,75201,L (-4),1,24:17,2,5,.400,0,1,.000,4,4,1.000,0,1,1,0,1,1,1,1,8,5.9,-13
23,2018-12-03,20-144,90303,1,70003,W (+3),1,23:16,3,5,.600,1,2,.500,0,0,0,1,1,2,2,0,0,1,0,7,6.1,-1
24,2018-12-05,20-146,90303,1,38103,L (-10),1,28:40,4,9,.444,1,1,1.000,3,4,.750,1,3,4,4,3,1,1,1,12,13.6,+10
25,2018-12-08,20-149,90303,0,33132,L (-23),1,19:21,3,9,.333,0,1,.000,2,2,1.000,1,2,3,2,1,0,1,3,8,4.4,-8
26,2018-12-10,20-151,90303,1,85004,W (+4),1,33:35,8,12,.667,0,0,0,0,0,0,2,2,4,5,1,1,2,3,16,14.8,+8
27,2018-12-11,20-152,90303,0,28202,L (-24),1,21:55,3,6,.500,1,2,.500,0,0,0,1,1,2,2,1,0,2,1,7,5.0,-29
28,2018-12-13,20-154,90303,1,78219,L (-38),1,28:15,6,8,.750,1,2,.500,0,0,0,1,1,2,2,1,0,3,1,13,9.8,-13
29,2018-12-15,20-156,90303,1,73102,L (-6),1,21:12,1,4,.250,0,0,0,0,2,.000,1,1,2,2,1,1,2,0,2,0.9,-10
30,2018-12-17,20-158,90303,0,97227,L (-4),1,37:49,9,15,.600,2,7,.286,4,5,.800,0,2,2,3,0,0,2,3,24,16.2,-3
31,2018-12-20,20-161,90303,0,75201,W (+4),1,19:12,2,4,.500,0,0,0,0,0,0,0,1,1,1,1,0,1,3,4,1.8,-19
32,2018-12-22,20-163,90303,0,80204,W (+21),1,32:34,6,10,.600,0,0,0,2,2,1.000,0,2,2,6,2,1,0,2,14,16.1,+23
33,2018-12-23,20-164,90303,1,94103,L (-2),1,27:41,1,3,.333,1,1,1.000,0,0,0,0,0,0,2,0,1,2,2,3,0.6,-15
34,2018-12-26,20-167,90303,0,95814,W (+9),1,26:09,6,11,.545,1,2,.500,0,0,0,1,3,4,1,0,0,0,2,13,9.2,-10
35,2018-12-28,20-169,90303,1,90015,W (+11),1,17:23,2,8,.250,1,2,.500,2,2,1.000,0,1,1,0,1,0,1,3,7,1.3,-1
36,2018-12-29,20-170,90303,0,78219,L (-11),1,20:54,2,3,.667,1,1,1.000,0,0,0,0,2,2,1,0,0,1,3,5,2.8,-4
37,2019-01-01,20-173,90303,0,19148,L (-6),1,20:07,4,7,.571,0,1,.000,0,0,0,1,1,2,5,2,0,2,5,8,7.2,-6
38,2019-01-04,20-176,90303,1,85004,W (+10),1,18:31,1,6,.167,0,2,.000,1,2,.500,1,2,3,9,2,0,3,2,3,4.6,+6
39,2019-01-06,20-178,90303,0,32801,W (+10),1,23:01,6,7,.857,1,1,1.000,0,0,0,0,2,2,2,1,0,1,2,13,11.7,+1
40,2019-01-08,20-180,90303,0,28202,W (+19),1,21:07,3,6,.500,0,0,0,2,2,1.000,0,3,3,2,3,4,2,2,8,10.3,-9
41,2019-01-10,20-182,90303,1,80204,L (-21),1,20:26,1,4,.250,1,2,.500,0,0,0,0,2,2,1,1,0,3,1,3,-0.5,-21
42,2019-01-12,20-184,90303,0,48201,L (-5),1,16:52,3,7,.429,0,1,.000,1,1,1.000,0,1,1,4,1,0,2,2,7,4.6,+3
43,2019-01-14,20-186,90303,0,70003,L (-4),1,12:59,0,3,.000,0,1,.000,0,0,0,0,0,0,2,0,1,2,2,0,-2.8,-13
44,2019-01-16,20-188,90303,0,84101,L (-20),1,22:04,4,8,.500,0,2,.000,0,0,0,0,1,1,2,0,0,4,1,8,1.3,-19
45,2019-01-18,20-190,90303,0,94103,L (-18),1,42:30,7,17,.412,0,3,.000,10,10,1.000,1,2,3,5,3,0,2,2,24,19.9,-10
46,2019-01-20,20-192,90303,1,78219,W (+8),1,37:40,3,15,.200,1,2,.500,0,0,0,1,3,4,3,0,0,3,3,7,-2.8,-4
47,2019-01-22,20-194,90303,1,75201,L (-8),1,20:22,4,14,.286,0,2,.000,0,0,0,0,1,1,1,0,1,0,1,8,1.1,+5
48,2019-01-23,20-195,90303,1,33132,W (+12),1,30:50,5,10,.500,0,1,.000,0,0,0,0,2,2,3,1,0,1,3,10,6.5,+1
49,2019-01-25,20-197,90303,1,60612,W (+5),1,21:50,2,6,.333,0,2,.000,2,3,.667,0,0,0,5,0,0,2,1,6,3.3,-7
50,2019-01-27,20-199,90303,0,95814,W (+14),1,31:14,5,9,.556,0,1,.000,7,7,1.000,2,2,4,5,2,0,1,3,17,18.0,-2
51,2019-01-28,20-200,90303,0,30303,L (-5),1,24:27,5,7,.714,1,2,.500,0,0,0,1,1,2,2,2,0,2,4,11,8.9,-6
52,2019-01-31,20-203,90303,0,90015,L (-3),1,21:12,4,12,.333,1,4,.250,1,2,.500,0,2,2,3,2,0,0,3,10,6.3,-12
53,2019-02-02,20-205,90303,1,48201,W (+10),1,30:01,4,9,.444,1,3,.333,5,8,.625,1,6,7,5,3,1,2,4,14,14.2,+9
54,2019-02-03,20-206,90303,1,28202,L (-18),1,26:11,9,15,.600,0,0,0,1,2,.500,1,4,5,3,1,2,1,0,19,17.1,-12
55,2019-02-05,20-208,90303,1,28202,W (+2),1,17:39,2,8,.250,0,0,0,2,2,1.000,2,0,2,3,0,0,0,0,6,4.7,-18
56,2019-02-07,20-210,90303,1,46204,L (-24),1,26:00,2,4,.500,0,1,.000,4,4,1.000,1,0,1,6,0,1,5,4,8,5.0,-9
57,2019-02-09,20-212,90303,1,02114,W (+11),1,25:49,5,8,.625,1,2,.500,3,4,.750,1,3,4,5,2,1,5,3,14,11.6,+11
58,2019-02-11,20-214,90303,1,55403,L (-10),1,22:00,4,8,.500,2,3,.667,0,0,0,0,1,1,1,1,0,3,2,10,4.2,-17
59,2019-02-13,20-216,90303,0,85004,W (+27),1,21:38,4,7,.571,0,1,.000,2,4,.500,1,3,4,3,2,1,1,1,10,10.9,+20
60,2019-02-22,20-225,90303,1,38103,W (+6),1,15:21,1,4,.250,0,0,0,4,4,1.000,0,2,2,4,1,0,3,2,6,4.2,-2
61,2019-02-24,20-227,90303,1,80204,L (-27),1,29:49,0,9,.000,0,3,.000,1,2,.500,0,1,1,4,2,1,4,2,1,-4.7,-24
62,2019-02-25,20-228,90303,0,75201,W (+9),1,17:25,0,4,.000,0,3,.000,0,0,0,0,2,2,0,2,0,0,0,0,-0.2,-8
63,2019-02-27,20-230,90303,1,84101,L (-6),1,19:20,6,8,.750,1,2,.500,0,0,0,0,1,1,1,1,1,0,5,13,10.5,-1
64,2019-03-01,20-232,90303,1,95814,W (+7),1,32:23,6,13,.462,3,3,1.000,0,0,0,2,4,6,1,1,0,1,4,15,10.0,0
65,2019-03-03,20-234,90303,0,10121,W (+21),1,29:13,6,9,.667,2,3,.667,1,1,1.000,0,3,3,4,1,0,1,3,15,13.6,+19
66,2019-03-04,20-235,90303,1,90015,W (+8),1,24:06,5,9,.556,1,2,.500,3,3,1.000,0,1,1,4,0,2,0,1,14,13.8,-1
67,2019-03-08,20-239,90303,0,73102,W (+8),1,25:37,3,7,.429,1,2,.500,2,2,1.000,0,1,1,1,1,0,1,4,9,4.7,-4
68,2019-03-11,20-242,90303,0,02114,W (+25),1,21:54,4,7,.571,1,1,1.000,3,3,1.000,2,3,5,3,1,0,4,1,12,9.7,+1
69,2019-03-12,20-243,90303,0,97227,L (-21),1,26:56,6,11,.545,1,1,1.000,2,4,.500,1,1,2,4,2,0,3,3,15,10.5,-12
70,2019-03-15,20-246,90303,0,60612,W (+7),1,29:54,7,12,.583,1,2,.500,2,4,.500,1,6,7,7,3,1,1,3,17,19.5,+18
71,2019-03-17,20-248,90303,0,11217,W (+3),1,35:34,5,12,.417,3,5,.600,1,2,.500,0,2,2,10,0,0,2,3,14,11.6,+18
72,2019-03-19,20-250,90303,0,46204,W (+6),1,28:35,6,9,.667,1,2,.500,4,6,.667,0,3,3,3,2,0,0,1,17,16.9,+6
73,2019-03-22,20-253,90303,1,44115,W (+2),1,34:32,5,11,.455,1,1,1.000,5,5,1.000,1,1,2,5,2,0,1,2,16,15.0,+4
74,2019-03-24,20-255,90303,1,10121,W (+11),1,37:44,3,10,.300,0,4,.000,4,4,1.000,0,2,2,8,1,1,1,3,10,9.9,+6
75,2019-03-26,20-257,90303,1,55403,W (+11),1,30:46,4,8,.500,0,1,.000,2,2,1.000,1,3,4,4,1,0,0,3,10,10.2,+8
76,2019-03-28,20-259,90303,1,53203,L (-10),1,31:46,8,15,.533,1,2,.500,4,5,.800,1,5,6,2,1,2,3,2,21,15.5,-16
77,2019-03-30,20-261,90303,0,44115,W (+24),1,27:40,9,12,.750,3,3,1.000,1,2,.500,1,1,2,8,1,0,1,1,22,23.0,+7
78,2019-03-31,20-262,90303,0,38103,W (+17),1,28:13,2,6,.333,0,0,0,2,2,1.000,1,3,4,3,4,2,2,3,6,8.5,+9
79,2019-04-03,20-265,90303,0,77002,L (-32),1,32:55,8,16,.500,1,3,.333,3,5,.600,2,2,4,4,2,0,3,2,20,14.2,-8
80,2019-04-05,20-267,90303,0,90015,L (-5),1,37:00,10,19,.526,0,4,.000,0,0,0,2,6,8,6,1,1,1,3,20,17.6,+5
81,2019-04-07,20-269,90303,1,94103,L (-27),1,29:34,5,10,.500,0,1,.000,2,3,.667,0,1,1,3,1,0,0,0,12,10.0,-28
82,2019-04-10,20-272,90303,0,84101,W (+6),1,24:06,3,6,.500,0,0,0,2,2,1.000,0,2,2,3,2,0,1,4,8,7.1,+5
1,2019-10-23,21-103,73102,1,84101,L (-5),1,36:46,10,23,.435,3,7,.429,3,6,.500,0,2,2,1,1,0,1,2,26,13.2,-12
2,2019-10-25,21-105,73102,0,20004,L (-12),1,36:04,10,17,.588,2,4,.500,6,8,.750,0,7,7,4,2,3,2,2,28,25.5,-1
3,2019-10-27,21-107,73102,0,94103,W (+28),1,29:40,8,14,.571,1,5,.200,2,4,.500,0,9,9,4,0,2,3,1,19,15.1,+27
4,2019-10-28,21-108,73102,1,77002,L (-4),1,35:55,8,21,.381,2,6,.333,4,4,1.000,3,6,9,4,0,0,0,2,22,16.4,+5
5,2019-10-30,21-110,73102,0,97227,L (-3),1,35:47,3,13,.231,0,2,.000,7,10,.700,3,5,8,3,1,0,4,2,13,5.8,-12
6,2019-11-02,21-113,73102,0,70003,W (+11),1,35:31,8,14,.571,3,5,.600,4,5,.800,1,7,8,4,0,1,1,0,23,21.3,+12
7,2019-11-05,21-116,73102,0,32801,W (+8),1,35:56,9,14,.643,3,5,.600,3,4,.750,0,3,3,2,1,1,1,1,24,20.0,+14
8,2019-11-07,21-118,73102,1,78219,L (-9),1,34:01,9,18,.500,0,1,.000,3,3,1.000,0,1,1,3,0,0,2,1,21,12.0,-9
9,2019-11-09,21-120,73102,0,94103,W (+6),1,36:33,6,15,.400,0,3,.000,0,0,0,1,4,5,3,0,0,3,2,12,4.1,-2
10,2019-11-10,21-121,73102,0,53203,L (-2),1,36:48,9,19,.474,4,6,.667,0,0,0,1,5,6,6,2,0,2,1,22,18.3,-8
11,2019-11-12,21-123,73102,1,46204,L (-26),1,28:13,3,12,.250,1,3,.333,4,4,1.000,3,3,6,0,1,0,3,1,11,4.4,-19
12,2019-11-15,21-126,73102,0,19148,W (+8),1,40:25,9,19,.474,1,3,.333,5,6,.833,0,2,2,3,2,0,2,2,24,15.8,+1
13,2019-11-18,21-129,73102,1,90303,L (-2),1,30:37,4,10,.400,1,4,.250,2,2,1.000,0,1,1,0,1,0,5,5,11,-0.1,0
14,2019-11-19,21-130,73102,1,90015,L (-5),1,36:09,5,16,.313,2,6,.333,4,4,1.000,1,4,5,4,1,1,2,0,16,11.2,-9
15,2019-11-22,21-133,73102,0,90015,L (-3),1,36:05,10,18,.556,2,2,1.000,2,2,1.000,1,6,7,4,1,1,2,1,24,20.0,-3
16,2019-11-25,21-136,73102,1,94103,W (+3),1,31:30,5,12,.417,0,0,0,2,2,1.000,0,5,5,3,2,1,3,3,12,7.7,+13
17,2019-11-27,21-138,73102,1,97227,L (-17),1,29:40,4,10,.400,0,2,.000,3,5,.600,0,2,2,5,0,0,0,4,11,7.3,-26
18,2019-11-29,21-140,73102,0,70003,W (+5),1,33:15,4,13,.308,1,6,.167,1,2,.500,0,1,1,3,2,0,4,3,10,1.3,+3
19,2019-12-01,21-142,73102,1,70003,W (+3),1,33:05,5,17,.294,2,8,.250,5,6,.833,1,8,9,2,1,0,2,2,17,9.4,+5
20,2019-12-04,21-145,73102,0,46204,L (-7),1,36:22,7,19,.368,1,7,.143,1,1,1.000,0,3,3,3,1,0,2,1,16,7.1,-19
21,2019-12-06,21-147,73102,0,55403,W (+12),1,41:32,8,13,.615,1,1,1.000,12,12,1.000,1,4,5,2,1,0,3,2,29,23.6,+9
22,2019-12-08,21-149,73102,1,97227,W (+12),1,38:16,5,14,.357,2,4,.500,9,12,.750,0,9,9,3,1,0,1,2,21,16.0,+6
23,2019-12-09,21-150,73102,1,84101,W (+14),1,33:28,7,20,.350,2,5,.400,4,6,.667,0,6,6,3,2,0,1,2,20,12.1,+5
24,2019-12-11,21-152,73102,1,95814,L (-1),1,35:33,4,11,.364,0,1,.000,6,8,.750,0,4,4,4,1,1,3,3,14,8.6,-3
25,2019-12-14,21-155,73102,1,80204,L (-8),1,37:44,7,13,.538,0,1,.000,2,2,1.000,0,4,4,3,0,0,2,4,16,9.4,-5
26,2019-12-16,21-157,73102,0,60612,W (+3),1,34:24,1,3,.333,0,1,.000,5,8,.625,0,3,3,2,1,0,5,0,7,2.4,-1
27,2019-12-18,21-159,73102,0,38103,W (+4),1,38:42,7,16,.438,0,3,.000,6,6,1.000,2,7,9,1,2,2,1,1,20,17.8,+14
28,2019-12-20,21-161,73102,0,85004,W (+18),1,36:06,13,18,.722,2,2,1.000,4,5,.800,0,4,4,3,1,0,0,2,32,27.7,+11
29,2019-12-22,21-163,73102,0,90303,W (+6),1,34:29,12,25,.480,2,3,.667,6,6,1.000,0,3,3,5,2,0,2,2,32,22.9,+16
30,2019-12-26,21-167,73102,0,38103,L (-13),1,37:08,8,19,.421,1,6,.167,4,4,1.000,0,3,3,1,3,0,1,0,21,14.5,-9
31,2019-12-27,21-168,73102,1,28202,W (+2),1,36:01,10,17,.588,1,1,1.000,6,8,.750,1,3,4,1,2,0,1,1,27,21.2,-1
32,2019-12-29,21-170,73102,1,28202,W (+1),1,38:47,12,21,.571,3,5,.600,5,6,.833,2,5,7,2,3,0,3,1,32,25.6,-6
33,2019-12-31,21-172,73102,0,75201,W (+5),1,35:12,6,15,.400,0,2,.000,7,8,.875,2,8,10,3,2,1,0,1,19,18.7,+4
34,2020-01-02,21-174,73102,1,78219,W (+6),1,36:11,10,18,.556,2,4,.500,3,4,.750,0,7,7,5,1,2,1,1,25,22.6,+15
35,2020-01-04,21-176,73102,1,44115,W (+15),1,34:25,9,14,.643,0,3,.000,2,2,1.000,0,7,7,0,2,0,2,2,20,15.1,+16
36,2020-01-06,21-178,73102,1,19148,L (-7),1,36:38,6,13,.462,0,3,.000,2,5,.400,2,7,9,2,0,0,0,1,14,10.6,-13
37,2020-01-07,21-179,73102,1,11217,W (+8),1,38:37,8,18,.444,0,3,.000,6,6,1.000,2,2,4,2,2,0,4,0,22,14.0,+14
38,2020-01-09,21-181,73102,0,77002,W (+21),1,30:44,8,15,.533,1,3,.333,3,3,1.000,0,3,3,3,1,0,0,1,20,16.3,+28
39,2020-01-11,21-183,73102,0,90015,L (-15),1,34:52,8,17,.471,1,4,.250,7,7,1.000,0,8,8,0,1,1,1,0,24,18.4,-12
40,2020-01-13,21-185,73102,1,55403,W (+13),1,36:26,8,12,.667,2,3,.667,2,2,1.000,2,18,20,10,0,1,2,1,20,26.9,+23
41,2020-01-15,21-187,73102,0,28202,L (-9),1,37:44,6,10,.600,2,2,1.000,7,7,1.000,0,6,6,6,3,1,3,2,21,22.3,-6
42,2020-01-17,21-189,73102,0,33132,L (-7),1,37:10,5,13,.385,2,6,.333,6,6,1.000,0,5,5,8,1,0,1,4,18,16.4,-10
43,2020-01-18,21-190,73102,0,97227,W (+13),1,34:34,9,17,.529,0,4,.000,4,6,.667,3,7,10,5,0,0,2,1,22,18.2,+10
44,2020-01-20,21-192,73102,1,77002,W (+5),1,38:54,5,10,.500,0,1,.000,3,4,.750,0,10,10,1,3,1,1,0,13,14.0,+1
45,2020-01-22,21-194,73102,1,32801,W (+6),1,37:36,7,10,.700,0,0,0,4,5,.800,0,12,12,1,3,3,3,4,18,18.2,+9
46,2020-01-24,21-196,73102,0,30303,W (+29),1,37:12,7,16,.438,0,2,.000,10,13,.769,1,2,3,6,1,3,3,1,24,19.6,+25
47,2020-01-25,21-197,73102,1,55403,W (+9),1,34:08,3,14,.214,0,2,.000,5,6,.833,0,7,7,2,1,2,3,3,11,3.7,-9
48,2020-01-27,21-199,73102,0,75201,L (-10),1,32:13,5,20,.250,3,6,.500,3,4,.750,1,10,11,4,0,1,3,1,16,7.4,-6
49,2020-01-29,21-201,73102,1,95814,W (+20),1,38:37,6,13,.462,3,5,.600,2,3,.667,0,7,7,7,1,2,2,2,17,16.5,+25
50,2020-01-31,21-203,73102,1,85004,W (+4),1,34:00,5,16,.313,0,5,.000,2,2,1.000,3,6,9,4,0,1,1,2,12,8.4,+19
51,2020-02-05,21-208,73102,0,44115,W (+6),1,39:19,9,17,.529,2,5,.400,3,4,.750,0,10,10,3,2,2,2,4,23,19.2,-2
52,2020-02-07,21-210,73102,0,48201,W (+7),1,36:23,7,13,.538,1,3,.333,6,9,.667,2,0,2,1,0,2,1,2,21,15.2,+10
53,2020-02-09,21-212,73102,0,02114,L (-1),1,33:05,8,12,.667,3,4,.750,5,7,.714,0,6,6,4,0,0,1,1,24,21.2,+2
54,2020-02-11,21-214,73102,0,78219,L (-8),1,33:04,6,11,.545,2,3,.667,3,4,.750,0,5,5,2,1,0,0,2,17,14.4,-1
55,2020-02-13,21-216,73102,1,70003,W (+5),1,37:10,6,14,.429,2,6,.333,3,4,.750,0,3,3,7,1,0,0,2,17,15.2,+5
56,2020-02-21,21-224,73102,0,80204,W (+12),1,38:41,4,14,.286,0,3,.000,3,4,.750,2,7,9,9,0,1,1,3,11,10.7,+12
57,2020-02-23,21-226,73102,0,78219,W (+28),1,31:45,8,14,.571,1,2,.500,5,5,1.000,2,11,13,4,0,0,3,0,22,19.9,+22
58,2020-02-25,21-228,73102,1,60612,W (+2),1,33:58,5,11,.455,2,5,.400,9,12,.750,1,10,11,3,1,2,3,1,21,18.9,-1
59,2020-02-27,21-230,73102,0,95814,W (+4),1,38:00,8,15,.533,1,3,.333,3,6,.500,1,2,3,3,0,1,2,3,20,12.4,+5
60,2020-02-28,21-231,73102,1,53203,L (-47),1,26:52,5,12,.417,1,3,.333,0,1,.000,0,3,3,2,0,0,2,1,11,4.1,-36
61,2020-03-03,21-235,73102,0,90303,L (-15),1,33:58,7,12,.583,1,2,.500,0,0,0,0,6,6,2,1,3,2,2,15,12.9,-22
62,2020-03-04,21-236,73102,1,48201,W (+7),1,34:32,12,15,.800,2,4,.500,1,1,1.000,0,2,2,3,2,2,1,0,27,26.4,+12
63,2020-03-06,21-238,73102,1,10121,W (+23),1,21:40,6,10,.600,1,3,.333,5,6,.833,0,3,3,5,2,0,0,4,18,17.8,+14
64,2020-08-01,22-020,73102,0,84101,W (+16),1,32:23,6,12,.500,2,5,.400,5,6,.833,0,2,2,6,3,0,2,1,19,18.0,+15
65,2020-08-03,22-022,73102,0,80204,L (-8),1,38:02,6,13,.462,3,6,.500,9,11,.818,0,5,5,2,0,0,3,5,24,14.4,-9
66,2020-08-05,22-024,73102,1,90015,W (+19),1,35:30,3,11,.273,1,4,.250,6,6,1.000,1,6,7,5,3,1,2,0,13,14.2,+9
67,2020-08-07,22-026,73102,1,38103,L (-29),1,34:23,3,13,.231,1,8,.125,3,4,.750,0,3,3,3,1,0,3,0,10,2.7,-9
68,2020-08-09,22-028,73102,0,20004,W (+18),1,35:56,6,12,.500,0,2,.000,6,8,.750,1,5,6,7,1,0,2,2,18,16.5,+8
69,2020-08-12,22-031,73102,0,33132,W (+1),1,24:32,6,9,.667,2,3,.667,4,4,1.000,0,1,1,1,0,1,2,1,18,13.4,-23
70,2020-08-14,22-033,73102,1,90303,L (-4),1,13:31,6,10,.600,0,1,.000,1,1,1.000,0,4,4,0,1,0,3,0,13,7.6,+12
1,2020-12-26,22-167,73102,1,28202,W (+2),1,34:22,8,20,.400,1,6,.167,7,10,.700,2,5,7,9,0,1,5,4,24,15.3,+14
2,2020-12-28,22-169,73102,0,84101,L (-1),1,36:25,9,21,.429,1,7,.143,4,4,1.000,0,3,3,7,1,1,4,3,23,14.2,+4
3,2020-12-29,22-170,73102,0,32801,L (-11),1,33:20,8,10,.800,3,3,1.000,4,5,.800,0,7,7,7,0,0,5,1,23,20.4,-8
4,2020-12-31,22-172,73102,0,70003,L (-33),1,28:30,3,10,.300,2,6,.333,0,2,.000,1,3,4,4,2,0,2,2,8,5.0,-14
5,2021-01-02,22-174,73102,1,32801,W (+9),1,34:46,5,17,.294,2,9,.222,4,5,.800,0,4,4,7,0,1,1,3,16,10.3,+1
6,2021-01-04,22-176,73102,1,33132,L (-28),1,27:51,7,15,.467,2,6,.333,2,2,1.000,0,2,2,4,0,0,2,2,18,10.9,-21
7,2021-01-06,22-178,73102,1,70003,W (+1),1,36:30,7,17,.412,2,7,.286,5,6,.833,0,5,5,9,5,0,2,2,21,21.5,-4
8,2021-01-08,22-180,73102,1,10121,W (+12),1,34:29,9,14,.643,3,3,1.000,4,6,.667,4,6,10,7,0,1,3,2,25,24.4,+3
9,2021-01-10,22-182,73102,1,11217,W (+13),1,36:01,11,16,.688,2,4,.500,7,8,.875,1,5,6,7,2,1,2,3,31,30.4,+1
10,2021-01-12,22-184,73102,0,78219,L (-10),1,33:29,7,10,.700,0,0,0,6,9,.667,2,7,9,2,0,0,2,2,20,16.7,0
11,2021-01-13,22-185,73102,0,90015,L (-29),1,27:16,5,12,.417,1,3,.333,6,7,.857,0,2,2,1,0,0,2,1,17,9.1,-22
12,2021-01-15,22-187,73102,0,60612,W (+2),1,43:31,13,19,.684,3,5,.600,4,4,1.000,0,5,5,10,1,0,1,5,33,31.4,+18
13,2021-01-19,22-191,73102,1,80204,L (-18),1,27:13,5,11,.455,1,4,.250,3,6,.500,0,5,5,7,0,1,4,0,14,10.2,-19
14,2021-01-22,22-194,73102,1,90303,L (-14),1,38:37,11,20,.550,2,5,.400,6,6,1.000,0,3,3,8,2,0,3,2,30,25.1,-10
15,2021-01-24,22-196,73102,1,90303,L (-8),1,36:43,8,16,.500,1,3,.333,6,6,1.000,1,5,6,7,0,0,2,3,23,18.9,-10
16,2021-01-25,22-197,73102,1,97227,W (+3),1,32:24,8,12,.667,3,4,.750,5,10,.500,0,9,9,6,1,2,3,0,24,23.1,+1
17,2021-01-27,22-199,73102,1,85004,W (+5),1,31:20,6,18,.333,2,7,.286,7,9,.778,1,6,7,8,2,2,4,0,21,17.5,0
18,2021-01-29,22-201,73102,0,11217,L (-22),1,31:09,7,10,.700,0,1,.000,10,13,.769,1,3,4,5,0,1,4,2,24,19.6,-14
19,2021-02-01,22-204,73102,0,77002,L (-30),1,28:58,8,15,.533,2,5,.400,1,2,.500,0,2,2,5,1,2,5,1,19,12.4,-31
20,2021-02-06,22-209,73102,0,55403,W (+2),1,34:21,12,22,.545,2,6,.333,5,6,.833,0,9,9,7,1,0,2,2,31,25.8,+7
21,2021-02-08,22-211,73102,1,90015,L (-7),1,41:34,10,25,.400,4,8,.500,5,5,1.000,1,6,7,10,0,1,4,3,29,20.5,+3
22,2021-02-17,22-220,73102,1,38103,L (-9),1,32:38,6,14,.429,2,5,.400,8,8,1.000,1,2,3,6,0,0,1,2,22,18.3,-2
23,2021-02-19,22-222,73102,1,53203,L (-13),1,36:01,4,13,.308,2,5,.400,6,9,.667,0,4,4,5,1,0,4,3,16,7.8,-12
24,2021-02-21,22-224,73102,1,44115,W (+16),1,35:50,9,15,.600,3,3,1.000,10,12,.833,0,4,4,9,1,0,3,3,31,27.6,+10
25,2021-02-22,22-225,73102,0,33132,L (-14),1,35:20,10,15,.667,2,3,.667,5,6,.833,1,1,2,5,1,1,3,3,27,22.1,-15
26,2021-02-24,22-227,73102,0,78219,W (+3),1,38:01,13,20,.650,6,11,.545,10,11,.909,0,8,8,4,0,1,4,1,42,34.3,+15
27,2021-02-26,22-229,73102,0,30303,W (+9),1,35:42,9,16,.563,3,5,.600,3,4,.750,1,4,5,4,1,0,2,2,24,18.9,+8
28,2021-02-27,22-230,73102,0,80204,L (-30),1,26:07,5,11,.455,1,6,.167,2,2,1.000,0,5,5,6,1,2,4,0,13,11.4,-33
29,2021-03-03,22-234,73102,1,75201,L (-9),1,34:37,5,15,.333,1,4,.250,4,6,.667,0,3,3,3,0,1,2,1,15,7.0,-18
30,2021-03-04,22-235,73102,1,78219,W (+5),1,36:54,11,19,.579,2,4,.500,9,10,.900,0,3,3,8,0,1,2,2,33,28.1,+17
31,2021-03-11,22-242,73102,0,75201,W (+8),1,32:37,11,22,.500,1,5,.200,9,9,1.000,1,1,2,6,1,0,2,4,32,23.6,+11
32,2021-03-14,22-245,73102,0,38103,W (+6),1,34:25,8,17,.471,4,6,.667,10,11,.909,1,3,4,5,0,0,5,3,30,19.8,-11
33,2021-03-16,22-247,73102,1,60612,L (-21),1,27:37,10,17,.588,0,1,.000,1,1,1.000,0,1,1,1,2,1,8,0,21,8.8,-36
34,2021-03-18,22-249,73102,1,30303,L (-23),1,30:52,8,18,.444,1,4,.250,2,3,.667,0,3,3,4,0,0,2,2,19,10.1,-22
35,2021-03-22,22-253,73102,1,55403,W (+9),1,34:08,11,23,.478,4,6,.667,5,6,.833,0,3,3,4,1,2,2,1,31,22.6,+4
1,2021-10-20,23-100,73102,1,84101,L (-21),1,32:40,7,17,.412,1,7,.143,3,5,.600,1,3,4,2,0,0,1,2,18,9.3,-21
2,2021-10-22,23-102,73102,1,77002,L (-33),1,26:28,6,15,.400,1,6,.167,0,0,0,0,4,4,2,0,0,5,1,13,2.1,-27
3,2021-10-24,23-104,73102,0,19148,L (-12),1,38:39,9,19,.474,1,6,.167,10,12,.833,0,6,6,8,1,1,2,2,29,24.8,+1
4,2021-10-26,23-106,73102,0,94103,L (-8),1,35:43,11,19,.579,4,5,.800,4,5,.800,0,1,1,4,1,0,1,5,30,21.8,-3
5,2021-10-27,23-107,73102,0,90015,W (+8),1,37:41,7,19,.368,5,11,.455,8,10,.800,2,7,9,5,0,0,2,2,27,19.9,+2
6,2021-10-30,23-110,73102,1,94103,L (-21),1,28:41,6,15,.400,2,7,.286,1,2,.500,0,5,5,2,1,0,1,0,15,9.4,-23
7,2021-11-01,23-112,73102,1,90303,L (-5),1,39:52,11,23,.478,3,5,.600,3,3,1.000,2,5,7,2,2,1,2,4,28,19.7,-1
8,2021-11-04,23-115,73102,1,90015,W (+3),1,39:08,9,17,.529,4,7,.571,6,6,1.000,1,2,3,6,1,1,2,0,28,24.9,+14
9,2021-11-07,23-118,73102,0,78219,W (+5),1,35:52,5,16,.313,1,6,.167,3,3,1.000,0,8,8,9,1,1,3,0,14,12.2,+16
10,2021-11-10,23-121,73102,1,70003,W (+8),1,36:23,7,19,.368,2,7,.286,8,11,.727,0,7,7,5,1,2,5,2,24,14.5,+5
11,2021-11-12,23-123,73102,0,95814,W (+2),1,34:59,9,24,.375,2,8,.250,2,2,1.000,0,2,2,3,2,0,4,5,22,7.5,-8
12,2021-11-14,23-125,73102,0,11217,L (-24),1,30:25,8,14,.571,3,6,.500,4,4,1.000,0,6,6,2,1,0,3,1,23,17.2,-20
13,2021-11-15,23-126,73102,0,33132,L (-13),1,34:57,2,11,.182,1,5,.200,5,6,.833,1,2,3,5,1,0,3,3,10,4.3,-5
14,2021-11-17,23-128,73102,0,77002,W (+12),1,36:35,6,18,.333,1,8,.125,2,2,1.000,2,5,7,9,4,1,3,2,15,14.9,+17
15,2021-11-19,23-130,73102,1,53203,L (-7),1,35:58,5,20,.250,2,12,.167,5,7,.714,1,5,6,3,1,0,2,3,17,6.3,-14
16,2021-11-20,23-131,73102,1,02114,L (-6),1,34:05,4,13,.308,3,7,.429,3,5,.600,0,3,3,3,0,0,3,4,14,4.1,+2
17,2021-11-26,23-137,73102,0,20004,L (-2),1,34:24,7,16,.438,0,4,.000,1,2,.500,0,8,8,9,1,1,1,1,15,15.2,-6
18,2021-11-29,23-140,73102,1,77002,L (-13),1,33:00,9,20,.450,2,5,.400,2,6,.333,0,3,3,4,2,2,2,0,22,15.1,-12
19,2021-12-01,23-142,73102,0,77002,L (-4),1,37:39,12,26,.462,1,8,.125,14,16,.875,1,3,4,2,0,1,1,2,39,26.7,-15
20,2021-12-06,23-147,73102,1,48201,W (+11),1,37:21,9,20,.450,0,2,.000,12,15,.800,0,2,2,13,0,2,3,3,30,25.3,+6
21,2021-12-08,23-149,73102,1,28202,W (+1),1,36:38,6,17,.353,2,6,.333,12,12,1.000,0,2,2,9,1,0,2,1,26,22.0,-3
22,2021-12-10,23-151,73102,0,90015,L (-21),1,30:21,5,12,.417,1,3,.333,0,1,.000,1,1,2,4,0,1,2,1,11,6.3,-16
23,2021-12-12,23-153,73102,0,75201,L (-19),1,32:48,6,15,.400,1,5,.200,5,6,.833,1,3,4,5,0,2,1,2,18,14.2,-8
24,2021-12-15,23-156,73102,0,70003,L (-3),1,36:42,10,25,.400,4,8,.500,9,9,1.000,0,5,5,1,1,1,3,3,33,19.2,-4
25,2021-12-18,23-159,73102,0,90303,W (+1),1,35:49,8,16,.500,2,5,.400,0,0,0,1,2,3,6,1,0,2,5,18,12.5,+3
26,2021-12-20,23-161,73102,1,38103,W (+3),1,36:58,8,19,.421,0,5,.000,7,8,.875,1,4,5,4,3,0,1,0,23,19.2,-2
27,2021-12-22,23-163,73102,0,80204,W (+14),1,36:55,10,24,.417,0,7,.000,7,7,1.000,1,10,11,12,1,1,1,4,27,25.4,+19
28,2021-12-23,23-164,73102,1,85004,L (-12),1,38:50,10,20,.500,2,6,.333,7,7,1.000,1,4,5,7,0,1,5,1,29,21.1,-12
29,2021-12-26,23-167,73102,0,70003,W (+5),1,34:58,11,20,.550,1,5,.200,8,13,.615,2,2,4,5,1,3,1,4,31,25.4,+5
30,2021-12-28,23-169,73102,1,95814,L (-6),1,35:16,9,24,.375,1,5,.200,14,17,.824,0,5,5,5,0,0,1,4,33,21.0,+1
31,2021-12-31,23-172,73102,0,10121,W (+15),1,34:46,9,24,.375,2,7,.286,3,4,.750,0,4,4,4,2,1,4,3,23,10.9,+1
32,2022-01-05,23-177,73102,1,55403,L (-8),1,37:30,5,15,.333,2,6,.333,7,7,1.000,0,2,2,5,0,0,4,4,19,9.0,-18
33,2022-01-07,23-179,73102,0,55403,L (-30),1,28:23,4,11,.364,0,3,.000,4,5,.800,0,3,3,6,2,1,4,1,12,8.9,-13
34,2022-01-09,23-181,73102,0,80204,L (-4),1,31:29,2,14,.143,0,3,.000,4,4,1.000,2,3,5,4,1,2,1,3,8,4.3,-15
35,2022-01-11,23-183,73102,1,20004,L (-4),1,35:00,13,22,.591,1,2,.500,5,6,.833,0,3,3,8,1,0,2,4,32,25.3,-5
36,2022-01-13,23-185,73102,1,11217,W (+21),1,35:03,11,18,.611,2,5,.400,9,10,.900,2,8,10,9,1,2,5,0,33,31.9,+30
37,2022-01-15,23-187,73102,0,44115,L (-5),1,34:09,7,19,.368,0,2,.000,7,9,.778,1,3,4,7,1,2,3,4,21,14.0,-2
38,2022-01-17,23-189,73102,1,75201,L (-2),1,37:20,11,18,.611,1,4,.250,11,12,.917,0,6,6,5,2,0,2,3,34,29.5,-3
39,2022-01-19,23-191,73102,1,78219,L (-22),1,29:53,5,21,.238,0,4,.000,3,4,.750,2,1,3,7,2,0,3,2,13,4.7,-25
40,2022-01-21,23-193,73102,1,28202,L (-23),1,33:14,10,23,.435,1,3,.333,8,9,.889,2,3,5,6,1,1,1,3,29,22.5,-10
41,2022-01-22,23-194,73102,1,44115,L (-7),1,38:32,12,23,.522,3,7,.429,2,5,.400,2,7,9,6,3,1,3,5,29,22.9,-1
42,2022-01-24,23-196,73102,0,60612,L (-1),1,38:31,9,17,.529,2,5,.400,11,14,.786,0,3,3,10,3,1,3,1,31,29.7,+2
43,2022-01-28,23-200,73102,0,46204,L (-3),1,17:22,4,10,.400,0,3,.000,2,6,.333,0,2,2,3,2,1,0,0,10,8.4,+10
44,2022-02-24,23-227,73102,0,85004,L (-20),1,34:40,13,22,.591,1,5,.200,5,6,.833,1,1,2,5,0,0,6,4,32,18.3,-16
45,2022-02-25,23-228,73102,1,46204,W (+4),1,38:06,13,24,.542,1,5,.200,9,12,.750,1,7,8,5,2,3,7,2,36,25.8,-5
46,2022-02-28,23-231,73102,0,95814,L (-21),1,32:52,12,16,.750,3,3,1.000,10,14,.714,1,6,7,10,3,0,5,5,37,34.5,-17
47,2022-03-02,23-233,73102,1,80204,W (+12),1,36:44,10,23,.435,3,5,.600,6,8,.750,0,7,7,5,2,1,7,2,29,16.6,+22
48,2022-03-04,23-235,73102,0,55403,L (-37),1,29:50,14,21,.667,1,3,.333,4,5,.800,1,4,5,7,1,0,5,3,33,25.1,-13
49,2022-03-06,23-237,73102,0,84101,L (-13),1,38:19,11,23,.478,0,4,.000,11,12,.917,0,7,7,8,4,1,0,4,33,31.7,-2
50,2022-03-08,23-239,73102,0,53203,L (-27),1,35:09,11,18,.611,3,3,1.000,8,12,.667,0,8,8,14,3,1,5,3,33,32.9,+4
51,2022-03-09,23-240,73102,1,55403,L (-30),1,31:17,2,15,.133,0,4,.000,4,4,1.000,0,3,3,8,1,0,4,1,8,1.4,-23
52,2022-03-13,23-244,73102,0,38103,L (-7),1,37:53,9,20,.450,1,5,.200,12,12,1.000,0,6,6,7,2,3,1,5,31,28.4,-15
53,2022-03-14,23-245,73102,0,28202,L (-18),1,36:09,12,20,.600,3,7,.429,5,5,1.000,2,6,8,5,0,0,3,5,32,24.5,-3
54,2022-03-16,23-247,73102,1,78219,L (-2),1,34:41,14,22,.636,1,4,.250,5,8,.625,1,5,6,8,3,1,3,1,34,31.1,-8
55,2022-03-18,23-249,73102,1,33132,L (-12),1,32:45,9,17,.529,1,4,.250,7,9,.778,0,7,7,4,1,2,3,2,26,20.4,-17
56,2022-03-21,23-252,73102,0,02114,L (-9),1,36:34,13,23,.565,4,4,1.000,1,1,1.000,0,1,1,9,0,0,2,5,31,22.7,-12
1,2022-10-19,24-099,73102,1,55403,L (-7),1,36:47,12,23,.522,2,6,.333,6,6,1.000,2,4,6,5,3,2,2,1,32,28.8,-1
2,2022-10-22,24-102,73102,1,80204,L (-5),1,33:56,11,24,.458,1,5,.200,5,5,1.000,0,3,3,7,1,0,5,4,28,15.8,-6
3,2022-10-25,24-105,73102,0,90303,W (+14),1,36:44,11,22,.500,2,2,1.000,9,9,1.000,1,4,5,8,3,3,2,0,33,32.6,+23
4,2022-10-27,24-107,73102,0,90303,W (+8),1,34:01,10,23,.435,2,4,.500,2,2,1.000,1,4,5,6,3,0,3,4,24,16.4,+12
5,2022-10-29,24-109,73102,1,75201,W (+6),1,41:20,15,27,.556,0,2,.000,8,8,1.000,2,4,6,9,2,1,3,2,38,32.9,+20
6,2022-11-01,24-112,73102,0,32801,W (+8),1,32:54,12,18,.667,0,3,.000,10,11,.909,0,4,4,6,3,2,5,2,34,29.8,-2
7,2022-11-03,24-114,73102,0,80204,L (-12),1,35:12,13,17,.765,0,0,0,11,11,1.000,1,3,4,3,2,0,4,3,37,30.8,-6
8,2022-11-05,24-116,73102,1,53203,L (-14),1,31:46,7,16,.438,0,1,.000,4,5,.800,0,1,1,3,1,1,2,3,18,10.1,-19
9,2022-11-07,24-118,73102,1,48201,L (-9),1,38:00,13,23,.565,0,0,0,7,7,1.000,2,5,7,5,1,4,1,2,33,30.5,-8
10,2022-11-09,24-120,73102,0,53203,L (-4),1,46:05,13,25,.520,2,5,.400,11,13,.846,1,3,4,4,0,2,4,5,39,25.7,+3
11,2022-11-11,24-122,73102,0,28202,W (+19),1,28:03,8,14,.571,1,2,.500,3,4,.750,0,3,3,4,3,1,3,2,20,16.6,+13
12,2022-11-13,24-124,73102,1,10121,W (+10),1,36:12,13,22,.591,2,3,.667,9,10,.900,0,5,5,8,3,2,6,2,37,31.1,+4
13,2022-11-14,24-125,73102,1,02114,L (-4),1,35:59,13,26,.500,2,4,.500,9,9,1.000,1,3,4,8,2,1,4,2,37,29.1,-3
14,2022-11-16,24-127,73102,1,20004,W (+1),1,34:49,14,22,.636,2,3,.667,12,17,.706,2,4,6,7,0,1,2,1,42,36.0,+9
15,2022-11-18,24-129,73102,1,38103,L (-11),1,33:52,6,18,.333,2,4,.500,1,1,1.000,1,5,6,6,0,1,2,4,15,8.3,-13
16,2022-11-21,24-132,73102,0,10121,L (-10),1,34:36,9,22,.409,0,2,.000,12,13,.923,1,4,5,7,1,1,3,3,30,22.1,-7
17,2022-11-23,24-134,73102,0,80204,L (-5),1,42:31,8,20,.400,1,4,.250,14,14,1.000,1,6,7,11,2,1,1,3,31,30.9,+2
18,2022-11-25,24-136,73102,0,60612,W (+4),1,40:23,8,21,.381,0,3,.000,14,15,.933,1,7,8,7,0,1,1,2,30,24.7,+9
19,2022-11-26,24-137,73102,1,77002,L (-13),1,27:31,12,21,.571,1,3,.333,7,7,1.000,1,2,3,3,2,0,3,1,32,24.1,-9
20,2022-11-28,24-139,73102,1,70003,L (-4),1,35:38,7,21,.333,1,6,.167,16,18,.889,3,3,6,4,2,0,7,4,31,17.5,-9
21,2022-12-03,24-144,73102,1,55403,W (+7),1,34:37,10,17,.588,1,2,.500,12,12,1.000,0,1,1,6,3,1,4,0,33,29.3,-6
22,2022-12-05,24-146,73102,1,30303,W (+7),1,34:47,10,22,.455,0,3,.000,15,15,1.000,0,6,6,5,2,0,6,4,35,23.3,+12
23,2022-12-07,24-148,73102,1,38103,L (-21),1,33:47,4,14,.286,1,4,.250,17,19,.895,0,3,3,7,0,1,5,0,26,18.5,-12
24,2022-12-10,24-151,73102,1,44115,L (-8),1,31:24,7,13,.538,0,2,.000,9,9,1.000,1,1,2,3,2,0,2,6,23,17.4,-17
25,2022-12-12,24-153,73102,1,75201,L (-7),1,37:33,14,23,.609,1,2,.500,13,13,1.000,0,2,2,3,3,0,2,5,42,33.2,+6
26,2022-12-14,24-155,73102,0,33132,L (-2),1,36:22,10,20,.500,1,3,.333,6,6,1.000,0,8,8,7,1,0,5,1,27,19.9,+10
27,2022-12-16,24-157,73102,0,55403,L (-2),1,37:49,11,23,.478,3,5,.600,10,12,.833,1,6,7,5,1,0,5,4,35,22.9,+5
28,2022-12-19,24-160,73102,0,97227,W (+2),1,36:02,10,24,.417,1,1,1.000,14,14,1.000,0,2,2,6,1,2,2,2,35,26.6,-1
29,2022-12-21,24-162,73102,0,97227,W (+3),1,35:28,8,19,.421,0,3,.000,11,13,.846,0,6,6,3,2,1,5,3,27,16.5,-1
30,2022-12-23,24-164,73102,0,70003,L (-3),1,43:05,17,29,.586,3,4,.750,7,9,.778,1,9,10,6,2,1,2,4,44,36.4,-6
31,2022-12-27,24-168,73102,0,78219,W (+16),1,33:24,9,14,.643,0,0,0,10,11,.909,1,5,6,8,2,4,4,2,28,29.2,+11
32,2022-12-29,24-170,73102,1,28202,L (-8),1,35:59,11,23,.478,1,3,.333,5,7,.714,2,1,3,5,2,0,2,4,28,19.1,-9
33,2022-12-31,24-172,73102,0,19148,L (-19),1,32:23,4,15,.267,1,2,.500,5,8,.625,2,4,6,5,0,0,2,3,14,6.8,-17
34,2023-01-04,24-176,73102,1,32801,L (-11),1,35:13,8,19,.421,0,1,.000,17,18,.944,1,3,4,4,1,1,3,3,33,24.4,-3
35,2023-01-06,24-178,73102,0,20004,W (+17),1,33:09,12,23,.522,1,4,.250,5,6,.833,0,3,3,4,1,2,0,4,30,22.8,+25
36,2023-01-08,24-180,73102,0,75201,W (+11),1,36:15,11,17,.647,0,1,.000,11,13,.846,0,5,5,5,1,2,3,5,33,27.1,+7
37,2023-01-10,24-182,73102,1,33132,L (-1),1,38:39,9,18,.500,2,4,.500,6,7,.857,0,4,4,4,3,0,6,2,26,16.8,+2
38,2023-01-12,24-184,73102,1,19148,W (+19),1,34:49,10,16,.625,1,1,1.000,16,16,1.000,1,7,8,6,1,2,1,2,37,37.4,+11
39,2023-01-13,24-185,73102,1,60612,W (+14),1,33:10,7,14,.500,0,1,.000,7,8,.875,0,5,5,6,4,2,2,3,21,21.5,+4
40,2023-01-15,24-187,73102,1,11217,W (+10),1,35:52,8,17,.471,1,4,.250,11,14,.786,1,6,7,1,1,1,1,0,28,22.0,0
41,2023-01-18,24-190,73102,0,46204,W (+20),1,29:47,7,17,.412,1,4,.250,8,9,.889,1,2,3,6,3,0,2,2,23,19.2,+38
42,2023-01-20,24-192,73102,1,95814,L (-5),1,37:30,16,23,.696,2,3,.667,3,4,.750,1,0,1,7,2,0,0,0,37,34.5,-10
43,2023-01-22,24-194,73102,1,80204,W (+2),1,37:22,13,21,.619,1,2,.500,7,8,.875,0,5,5,5,0,2,1,2,34,28.7,+5
44,2023-01-25,24-197,73102,0,30303,L (-5),1,36:29,13,22,.591,1,1,1.000,9,10,.900,2,3,5,7,2,2,4,3,36,30.8,+9
45,2023-01-27,24-199,73102,0,44115,W (+12),1,35:09,12,21,.571,1,1,1.000,10,11,.909,2,3,5,8,2,1,0,2,35,34.5,+14
46,2023-01-30,24-202,73102,0,94103,L (-8),1,36:31,10,24,.417,1,2,.500,10,10,1.000,0,4,4,7,0,3,5,3,31,20.2,-15
47,2023-02-01,24-204,73102,1,77002,L (-6),1,34:01,7,23,.304,0,3,.000,10,10,1.000,5,3,8,4,3,0,1,5,24,17.9,-7
48,2023-02-04,24-207,73102,0,77002,W (+32),1,30:20,14,23,.609,0,2,.000,14,15,.933,0,4,4,6,3,2,0,3,42,39.7,+38
49,2023-02-06,24-209,73102,1,94103,L (-27),1,29:09,6,16,.375,0,1,.000,8,8,1.000,0,0,0,4,0,0,0,3,20,12.8,-17
50,2023-02-07,24-210,73102,1,90015,W (+3),1,37:41,9,17,.529,1,1,1.000,11,12,.917,0,2,2,8,2,0,4,5,30,23.5,-2
51,2023-02-10,24-213,73102,1,97227,W (+9),1,39:20,13,16,.813,0,1,.000,18,19,.947,0,3,3,7,2,1,4,1,44,41.7,+22
52,2023-02-13,24-216,73102,0,70003,L (-3),1,38:58,8,21,.381,0,2,.000,8,9,.889,3,7,10,5,1,0,6,4,24,13.2,+9
53,2023-02-15,24-218,73102,0,77002,W (+37),1,29:03,8,16,.500,0,2,.000,13,15,.867,0,2,2,6,0,2,1,3,29,24.2,+27
54,2023-02-23,24-226,73102,1,84101,L (-1),1,40:52,12,26,.462,0,2,.000,15,19,.789,2,6,8,7,2,1,2,2,39,32.0,0
55,2023-03-05,24-236,73102,0,84101,W (+10),1,36:56,10,17,.588,1,2,.500,17,19,.895,2,5,7,4,3,1,4,4,38,33.1,+5
56,2023-03-07,24-238,73102,0,94103,W (+9),1,36:05,14,24,.583,2,5,.400,3,4,.750,0,3,3,6,2,0,4,4,33,22.9,-10
57,2023-03-11,24-242,73102,1,70003,W (+14),1,37:04,11,23,.478,0,0,0,13,13,1.000,1,5,6,2,4,1,1,3,35,29.4,+12
58,2023-03-14,24-245,73102,0,11217,W (+14),1,36:23,12,24,.500,1,1,1.000,10,12,.833,1,6,7,4,1,0,3,4,35,23.9,+12
59,2023-03-16,24-247,73102,1,28202,L (-17),1,34:52,12,19,.632,1,1,1.000,4,5,.800,2,1,3,3,2,0,3,1,29,22.5,-17
60,2023-03-19,24-250,73102,0,85004,W (+4),1,35:26,12,24,.500,0,0,0,16,19,.842,0,5,5,4,1,0,3,2,40,28.3,+10
61,2023-03-21,24-252,73102,1,90303,W (+1),1,36:02,12,25,.480,1,4,.250,6,7,.857,0,7,7,4,0,0,4,4,31,17.2,-5
62,2023-03-23,24-254,73102,1,90303,L (-22),1,26:51,10,15,.667,1,1,1.000,9,9,1.000,0,4,4,3,1,3,2,2,30,27.1,-1
63,2023-03-24,24-255,73102,1,90015,L (-5),1,35:45,9,22,.409,1,3,.333,8,9,.889,0,5,5,8,1,1,2,4,27,20.0,+2
64,2023-03-26,24-257,73102,1,97227,W (+6),1,35:10,9,17,.529,0,1,.000,13,15,.867,2,0,2,3,4,0,3,1,31,26.0,+1
65,2023-03-31,24-262,73102,1,46204,L (-4),1,38:14,11,22,.500,0,2,.000,17,17,1.000,0,9,9,4,1,1,3,6,39,29.8,
66,2023-04-02,24-264,73102,0,85004,L (-10),1,37:32,11,22,.500,0,0,0,17,17,1.000,0,3,3,5,2,0,1,4,39,31.8,-6
67,2023-04-04,24-266,73102,1,94103,L (-11),1,33:41,11,17,.647,2,4,.500,8,9,.889,1,4,5,7,0,0,3,5,32,25.9,-9
68,2023-04-06,24-268,73102,1,84101,W (+16),1,37:43,7,19,.368,1,5,.200,7,10,.700,2,5,7,7,1,0,1,3,22,16.9,+7
1,2023-10-25,25-105,73102,1,60612,W (+20),1,36:01,12,18,.667,2,5,.400,5,5,1.000,0,5,5,10,1,2,1,0,31,33.1,+19
2,2023-10-27,25-107,73102,1,44115,W (+3),1,35:57,15,26,.577,2,2,1.000,2,2,1.000,1,10,11,4,5,1,5,2,34,28.2,+4
3,2023-10-29,25-109,73102,0,80204,L (-33),1,28:19,2,16,.125,0,4,.000,3,4,.750,1,3,4,7,1,0,0,2,7,2.9,-22
4,2023-10-30,25-110,73102,0,48201,W (+12),1,32:52,11,23,.478,1,3,.333,9,9,1.000,1,8,9,4,3,0,5,2,32,23.4,+17
5,2023-11-01,25-112,73102,0,70003,L (-4),1,38:05,8,20,.400,0,5,.000,4,5,.800,0,5,5,8,3,0,2,2,20,16.1,+3
6,2023-11-06,25-117,73102,0,30303,W (+9),1,37:27,11,20,.550,3,7,.429,5,6,.833,1,7,8,6,1,0,2,5,30,24.0,+14
7,2023-11-08,25-119,73102,0,44115,W (+8),1,37:36,15,22,.682,1,2,.500,12,13,.923,2,5,7,6,2,1,3,3,43,38.8,+10
8,2023-11-10,25-121,73102,1,95814,L (-7),1,37:41,14,25,.560,0,2,.000,5,6,.833,0,7,7,5,2,2,2,1,33,27.3,-3
9,2023-11-12,25-123,73102,1,85004,W (+12),1,36:50,13,22,.591,2,5,.400,7,8,.875,0,7,7,4,1,1,1,3,35,28.8,+7
10,2023-11-14,25-125,73102,0,78219,W (+36),1,28:04,10,16,.625,1,4,.250,7,7,1.000,1,5,6,5,7,0,2,2,28,30.7,+25
11,2023-11-16,25-127,73102,1,94103,W (+19),1,29:16,6,21,.286,3,7,.429,9,9,1.000,1,1,2,7,3,1,2,4,24,17.7,+12
12,2023-11-18,25-129,73102,1,94103,W (+7),1,40:41,18,29,.621,2,3,.667,2,2,1.000,1,6,7,6,2,2,3,1,40,33.6,+7
13,2023-11-19,25-130,73102,1,97227,W (+43),1,22:31,10,13,.769,1,1,1.000,7,7,1.000,0,3,3,4,1,0,3,2,28,23.8,+26
14,2023-11-22,25-133,73102,0,60612,W (+14),1,36:43,11,19,.579,1,3,.333,17,18,.944,1,4,5,12,1,3,2,2,40,41.3,+16
15,2023-11-25,25-136,73102,0,19148,L (-4),1,36:11,10,21,.476,1,2,.500,10,10,1.000,3,3,6,5,2,0,1,3,31,26.6,+1
16,2023-11-28,25-139,73102,1,55403,L (-3),1,33:59,13,22,.591,0,1,.000,6,6,1.000,1,3,4,4,3,2,3,2,32,26.8,+4
17,2023-11-30,25-141,73102,0,90015,W (+23),1,34:56,11,18,.611,1,4,.250,10,10,1.000,0,4,4,7,1,0,0,4,33,30.3,+15
18,2023-12-02,25-143,73102,1,75201,W (+6),1,38:33,6,13,.462,2,3,.667,3,4,.750,1,2,3,9,5,1,2,4,17,19.6,+8
19,2023-12-06,25-147,73102,1,77002,L (-9),1,36:58,13,18,.722,0,0,0,7,9,.778,0,3,3,6,6,1,2,4,33,33.0,-6
20,2023-12-08,25-149,73102,0,94103,W (+2),1,42:20,15,30,.500,0,3,.000,8,11,.727,3,2,5,5,5,1,0,4,38,32.1,+11
21,2023-12-11,25-152,73102,0,84101,W (+14),1,27:57,12,17,.706,0,1,.000,6,6,1.000,1,3,4,7,3,0,1,1,30,31.0,+35
22,2023-12-14,25-155,73102,1,95814,L (-5),1,38:12,13,27,.481,1,5,.200,16,18,.889,2,4,6,9,2,0,3,2,43,35.6,+3
23,2023-12-16,25-157,73102,1,80204,W (+1),1,36:55,9,20,.450,0,2,.000,7,8,.875,0,6,6,8,2,0,2,1,25,21.2,+3
24,2023-12-18,25-159,73102,0,38103,W (+19),1,28:24,8,18,.444,1,3,.333,13,14,.929,0,9,9,5,4,0,2,4,30,26.8,+30
25,2023-12-21,25-162,73102,0,90303,W (+19),1,32:08,11,25,.440,1,6,.167,8,9,.889,2,6,8,4,4,2,1,0,31,27.9,+9
26,2023-12-23,25-164,73102,0,90015,L (-9),1,38:15,12,21,.571,1,5,.200,9,10,.900,1,4,5,7,3,0,3,2,34,29.7,-6
27,2023-12-26,25-167,73102,0,55403,W (+23),1,33:26,14,19,.737,0,3,.000,6,7,.857,0,6,6,9,2,1,3,3,34,32.5,+17
28,2023-12-27,25-168,73102,0,10121,W (+9),1,36:22,13,23,.565,2,5,.400,8,9,.889,1,6,7,8,2,2,1,0,36,35.2,+12
29,2023-12-29,25-170,73102,1,80204,W (+26),1,33:23,14,20,.700,2,3,.667,10,10,1.000,0,4,4,3,2,1,1,3,40,35.4,+21
30,2023-12-31,25-172,73102,0,11217,W (+16),1,34:46,7,15,.467,1,2,.500,9,9,1.000,0,4,4,6,0,0,1,2,24,19.9,+9
31,2024-01-02,25-174,73102,0,02114,W (+4),1,36:38,14,22,.636,3,5,.600,5,8,.625,0,6,6,7,1,0,0,5,36,30.7,+3
32,2024-01-03,25-175,73102,1,30303,L (-3),1,35:24,11,24,.458,2,3,.667,9,11,.818,1,12,13,8,0,0,2,2,33,26.9,+2
33,2024-01-05,25-177,73102,1,11217,L (-9),1,35:44,11,19,.579,2,5,.400,10,15,.667,1,8,9,6,0,0,2,5,34,26.4,-10
34,2024-01-08,25-180,73102,1,20004,W (+8),1,35:42,11,17,.647,2,3,.667,8,10,.800,1,5,6,5,3,1,3,5,32,28.1,+3
35,2024-01-10,25-182,73102,1,33132,W (+8),1,34:10,11,17,.647,2,5,.400,4,5,.800,0,2,2,8,1,1,3,3,28,23.8,-3
36,2024-01-11,25-183,73102,0,97227,W (+62),1,21:07,11,15,.733,1,3,.333,8,8,1.000,1,4,5,4,0,1,2,2,31,27.5,+41
37,2024-01-13,25-185,73102,0,32801,W (+12),1,35:57,13,20,.650,0,4,.000,11,12,.917,2,4,6,7,3,1,0,2,37,38.2,+14
38,2024-01-15,25-187,73102,1,90015,L (-7),1,34:18,9,19,.474,1,6,.167,5,5,1.000,0,3,3,6,1,1,3,3,24,16.9,-12
39,2024-01-16,25-188,73102,1,90303,L (-11),1,33:44,6,16,.375,0,3,.000,7,8,.875,1,1,2,4,0,2,2,4,19,11.4,-19
40,2024-01-18,25-190,73102,1,84101,W (+5),1,34:41,8,15,.533,0,1,.000,15,17,.882,1,5,6,6,1,1,4,4,31,25.4,-1
41,2024-01-20,25-192,73102,1,55403,W (+5),1,37:10,10,22,.455,1,2,.500,12,13,.923,1,1,2,6,2,0,2,0,33,26.4,+14
42,2024-01-23,25-195,73102,0,97227,W (+2),1,35:05,10,24,.417,0,3,.000,13,17,.765,2,4,6,10,5,0,3,3,33,29.0,+17
43,2024-01-24,25-196,73102,1,78219,W (+26),1,29:28,9,15,.600,2,2,1.000,12,12,1.000,2,4,6,10,2,1,4,3,32,32.2,+20
44,2024-01-26,25-198,73102,1,70003,W (+24),1,31:32,10,21,.476,3,8,.375,8,9,.889,0,4,4,5,2,1,4,0,31,23.3,+12
45,2024-01-28,25-200,73102,1,48201,L (-16),1,29:14,13,20,.650,1,1,1.000,4,5,.800,3,2,5,4,1,0,3,3,31,24.1,-6
46,2024-01-29,25-201,73102,0,55403,L (-6),1,38:54,10,18,.556,2,3,.667,15,16,.938,2,5,7,8,2,0,4,2,37,33.7,+5
47,2024-01-31,25-203,73102,0,80204,W (+5),1,35:33,10,22,.455,2,3,.667,12,13,.923,1,6,7,5,1,2,2,4,34,27.0,-1
48,2024-02-02,25-205,73102,0,28202,W (+20),1,29:53,11,15,.733,1,1,1.000,8,10,.800,0,3,3,9,5,3,3,2,31,34.6,+34
49,2024-02-04,25-207,73102,0,28202,W (+8),1,47:53,9,17,.529,2,5,.400,3,3,1.000,1,8,9,14,2,3,2,5,23,27.7,+7
50,2024-02-06,25-209,73102,1,84101,L (-7),1,36:03,11,22,.500,2,3,.667,4,5,.800,1,3,4,7,1,1,2,1,28,22.4,-3
51,2024-02-10,25-213,73102,1,75201,L (-35),1,28:53,9,16,.563,0,0,0,7,8,.875,2,4,6,5,0,1,3,1,25,20.4,-31
52,2024-02-11,25-214,73102,0,95814,W (+14),1,38:48,15,26,.577,3,4,.750,5,9,.556,0,3,3,7,1,2,1,0,38,31.4,+16
53,2024-02-13,25-216,73102,1,32801,W (+14),1,34:17,11,24,.458,1,1,1.000,9,10,.900,0,3,3,5,2,1,1,5,32,23.3,0
54,2024-02-22,25-225,73102,0,90303,W (+22),1,34:33,12,19,.632,3,6,.500,4,6,.667,0,4,4,8,1,2,2,1,31,28.5,+21
55,2024-02-23,25-226,73102,0,20004,W (+41),1,29:39,10,17,.588,1,3,.333,9,9,1.000,0,7,7,9,1,1,1,3,30,30.0,+38
56,2024-02-25,25-228,73102,1,77002,W (+13),1,36:35,13,23,.565,2,3,.667,8,9,.889,0,5,5,7,3,1,4,2,36,30.0,+17
57,2024-02-27,25-230,73102,0,77002,W (+17),1,31:51,11,21,.524,4,6,.667,5,6,.833,2,6,8,3,1,0,2,2,31,23.8,+6
58,2024-02-29,25-232,73102,1,78219,L (-14),1,34:49,12,22,.545,1,1,1.000,6,7,.857,1,5,6,3,1,1,1,4,31,23.4,-7
59,2024-03-03,25-235,73102,1,85004,W (+8),1,38:18,15,27,.556,0,5,.000,5,7,.714,0,8,8,9,3,3,1,4,35,32.5,+13
60,2024-03-04,25-236,73102,1,90015,L (-12),1,29:36,5,13,.385,1,2,.500,9,9,1.000,2,5,7,4,4,2,4,3,20,18.8,-9
61,2024-03-06,25-238,73102,1,97227,W (+8),1,35:57,13,23,.565,0,3,.000,11,12,.917,0,3,3,5,1,1,4,2,37,27.0,+3
62,2024-03-08,25-240,73102,0,33132,W (+7),1,35:41,13,25,.520,2,7,.286,9,11,.818,0,5,5,6,1,2,1,2,37,30.2,+17
63,2024-03-10,25-242,73102,0,38103,W (+31),1,27:18,8,14,.571,5,7,.714,2,2,1.000,0,2,2,6,0,0,1,2,23,19.4,+29
64,2024-03-12,25-244,73102,0,46204,L (-10),1,36:58,12,27,.444,1,7,.143,5,6,.833,2,8,10,5,2,1,4,4,30,19.9,-9
65,2024-03-14,25-246,73102,0,75201,W (+7),1,37:08,9,16,.563,1,4,.250,12,15,.800,1,8,9,5,2,0,1,2,31,29.0,+16
66,2024-03-16,25-248,73102,1,38103,W (+6),1,35:03,8,16,.500,1,4,.250,3,6,.500,1,6,7,3,0,1,3,2,20,12.3,+7
67,2024-03-20,25-252,73102,0,84101,W (+12),1,33:10,12,22,.545,2,4,.500,5,6,.833,1,2,3,7,4,0,1,3,31,28.0,+5
68,2024-03-22,25-254,73102,1,28202,W (+20),1,33:21,9,20,.450,1,5,.200,4,6,.667,1,6,7,8,3,1,6,4,23,16.0,+7
69,2024-03-24,25-256,73102,1,53203,L (-25),1,29:58,5,12,.417,0,3,.000,2,3,.667,0,3,3,2,3,1,4,0,12,7.2,-17
70,2024-03-26,25-258,73102,1,70003,W (+7),1,38:15,9,20,.450,1,3,.333,5,6,.833,2,3,5,8,2,0,0,1,24,22.7,+14
71,2024-03-31,25-263,73102,1,10121,W (+1),1,34:52,7,16,.438,1,4,.250,4,4,1.000,1,1,2,3,1,0,2,4,19,11.1,-15
72,2024-04-09,25-272,73102,0,95814,W (+7),1,37:53,11,21,.524,2,3,.667,16,20,.800,1,6,7,4,2,2,5,2,40,31.0,+6
73,2024-04-10,25-273,73102,0,78219,W (+38),1,26:15,10,18,.556,1,3,.333,5,5,1.000,0,6,6,5,0,0,1,1,26,21.3,+26
74,2024-04-12,25-275,73102,0,53203,W (+18),1,28:40,7,21,.333,0,7,.000,9,9,1.000,1,6,7,3,0,1,0,1,23,16.0,+10
75,2024-04-14,25-277,73102,0,75201,W (+49),1,15:55,5,11,.455,0,4,.000,5,5,1.000,1,0,1,6,0,0,0,1,15,13.8,+33
1,2024-10-24,26-104,73102,1,80204,W (+15),1,36:12,11,24,.458,2,6,.333,4,5,.800,2,5,7,8,2,3,2,2,28,25.0,+8
2,2024-10-26,26-106,73102,1,60612,W (+19),1,29:30,9,21,.429,2,9,.222,3,3,1.000,2,6,8,2,4,0,1,1,23,19.1,+23
3,2024-10-27,26-107,73102,0,30303,W (+24),1,36:01,11,24,.458,3,8,.375,10,11,.909,2,9,11,9,3,3,1,3,35,35.5,+24
4,2024-10-30,26-110,73102,0,78219,W (+12),1,27:35,7,20,.350,2,10,.200,2,2,1.000,0,4,4,5,1,0,1,1,18,11.1,+3
5,2024-11-01,26-112,73102,1,97227,W (+23),1,28:23,12,18,.667,1,6,.167,5,6,.833,1,6,7,6,1,0,3,1,30,26.1,+25
6,2024-11-02,26-113,73102,1,90303,W (+13),1,31:20,7,14,.500,2,4,.500,9,9,1.000,0,3,3,9,0,1,3,2,25,22.1,+8
7,2024-11-04,26-115,73102,0,32801,W (+16),1,35:04,8,16,.500,1,3,.333,4,4,1.000,0,6,6,9,1,0,4,4,21,16.5,+18
8,2024-11-06,26-117,73102,1,80204,L (-2),1,38:49,10,19,.526,0,3,.000,8,10,.800,0,2,2,6,1,1,8,1,28,16.0,+3
9,2024-11-08,26-119,73102,0,77002,W (+19),1,29:02,11,16,.688,1,2,.500,6,7,.857,1,4,5,4,1,1,3,2,29,24.4,+5
10,2024-11-10,26-121,73102,0,94103,L (-11),1,33:44,6,17,.353,0,2,.000,12,14,.857,1,4,5,4,0,1,4,0,24,15.1,-11
11,2024-11-11,26-122,73102,0,90303,W (+6),1,39:21,13,21,.619,4,8,.500,15,16,.938,0,3,3,9,5,2,1,3,45,46.5,+8
12,2024-11-13,26-124,73102,0,70003,W (+18),1,32:37,12,25,.480,3,7,.429,2,3,.667,0,5,5,5,2,2,2,0,29,22.3,+18
13,2024-11-15,26-126,73102,0,85004,W (+16),1,32:56,11,25,.440,2,7,.286,4,4,1.000,3,3,6,4,0,1,2,2,28,18.6,+21
14,2024-11-17,26-128,73102,0,75201,L (-2),1,38:28,13,19,.684,1,1,1.000,9,11,.818,0,2,2,8,2,2,1,1,36,35.3,+8
15,2024-11-19,26-130,73102,1,78219,L (-6),1,37:16,11,20,.550,5,8,.625,5,6,.833,0,3,3,8,3,0,4,3,32,26.3,+2
16,2024-11-20,26-131,73102,0,97227,W (+10),1,38:42,7,19,.368,0,2,.000,14,14,1.000,2,3,5,4,3,1,2,2,28,23.5,+7
17,2024-11-25,26-136,73102,1,95814,W (+21),1,34:38,13,20,.650,4,7,.571,7,11,.636,0,4,4,11,0,0,6,2,37,28.7,+15
18,2024-11-27,26-138,73102,1,94103,W (+4),1,38:37,13,28,.464,3,12,.250,6,10,.600,0,9,9,5,1,2,3,3,35,23.4,+5
19,2024-11-29,26-140,73102,1,90015,W (+8),1,36:59,13,28,.464,3,10,.300,7,8,.875,3,3,6,9,2,1,3,3,36,29.0,+13
20,2024-12-01,26-142,73102,1,77002,L (-3),1,36:07,10,19,.526,3,7,.429,9,11,.818,2,6,8,5,2,0,2,2,32,27.8,+6
21,2024-12-03,26-144,73102,0,84101,W (+27),1,30:07,11,19,.579,2,6,.333,2,2,1.000,1,5,6,7,3,0,0,4,26,25.6,+20
22,2024-12-05,26-146,73102,1,28202,W (+37),1,29:38,11,22,.500,1,10,.100,7,8,.875,0,4,4,5,2,2,2,2,30,23.9,+28
23,2024-12-07,26-148,73102,1,70003,W (+10),1,34:28,10,18,.556,1,3,.333,10,12,.833,0,2,2,4,0,0,4,5,31,19.0,-2
24,2024-12-10,26-151,73102,0,75201,W (+14),1,37:51,15,23,.652,5,9,.556,4,4,1.000,0,8,8,5,3,1,2,3,39,35.3,+22
25,2024-12-14,26-155,73102,0,77002,W (+15),1,37:37,8,21,.381,2,6,.333,14,15,.933,0,8,8,6,5,1,1,3,32,30.2,+16
26,2024-12-19,26-160,73102,1,32801,W (+6),1,36:25,15,26,.577,1,5,.200,4,4,1.000,0,4,4,6,4,2,4,1,35,29.2,-6
27,2024-12-20,26-161,73102,1,33132,W (+7),1,37:34,10,25,.400,3,9,.333,2,2,1.000,2,5,7,4,2,0,3,1,25,15.8,+14
28,2024-12-23,26-164,73102,0,20004,W (+18),1,35:23,14,25,.560,3,6,.500,10,10,1.000,3,6,9,3,3,3,3,3,41,36.0,+25
29,2024-12-26,26-167,73102,1,46204,W (+6),1,37:59,15,22,.682,4,5,.800,11,11,1.000,0,7,7,8,1,2,1,2,45,43.9,+10
30,2024-12-28,26-169,73102,1,28202,W (+12),1,33:00,8,15,.533,1,6,.167,5,6,.833,1,3,4,6,2,1,6,4,22,15.2,+12
31,2024-12-29,26-170,73102,0,38103,W (+24),1,28:04,14,19,.737,1,5,.200,6,6,1.000,0,6,6,7,1,4,1,1,35,36.4,+27
32,2024-12-31,26-172,73102,0,55403,W (+8),1,34:20,15,23,.652,3,5,.600,7,9,.778,1,2,3,2,4,0,3,1,40,32.4,+11
33,2025-01-02,26-174,73102,0,90303,W (+18),1,30:07,9,17,.529,2,5,.400,9,9,1.000,0,3,3,8,2,0,1,1,29,27.8,+19
34,2025-01-03,26-175,73102,0,10121,W (+10),1,36:41,12,26,.462,2,3,.667,7,7,1.000,1,3,4,7,1,1,2,1,33,25.4,+10
35,2025-01-05,26-177,73102,0,02114,W (+13),1,38:52,11,23,.478,3,6,.500,8,8,1.000,2,9,11,6,3,2,3,2,33,30.2,+12
36,2025-01-08,26-180,73102,1,44115,L (-7),1,38:15,13,27,.481,1,6,.167,4,4,1.000,1,4,5,4,3,2,5,5,31,19.4,-1
37,2025-01-10,26-182,73102,1,10121,W (+25),1,29:22,15,21,.714,1,1,1.000,8,8,1.000,0,3,3,2,2,1,2,2,39,32.5,+18
38,2025-01-12,26-184,73102,1,20004,W (+41),1,30:08,5,17,.294,1,4,.250,16,17,.941,1,6,7,4,2,0,3,3,27,19.8,+30
39,2025-01-14,26-186,73102,1,19148,W (+16),1,33:11,12,15,.800,1,3,.333,7,8,.875,1,2,3,9,2,1,4,4,32,30.6,+15
40,2025-01-16,26-188,73102,0,44115,W (+20),1,29:14,17,26,.654,1,5,.200,5,5,1.000,0,3,3,8,2,0,2,1,40,34.7,+32
41,2025-01-19,26-191,73102,0,11217,W (+26),1,28:53,8,14,.571,1,4,.250,10,10,1.000,1,2,3,10,4,1,2,1,27,31.0,+27
42,2025-01-22,26-194,73102,0,84101,W (+9),1,37:28,17,35,.486,3,10,.300,17,18,.944,3,5,8,5,3,2,3,3,54,43.2,+9
43,2025-01-23,26-195,73102,0,75201,L (-6),1,39:48,12,25,.480,1,3,.333,6,6,1.000,1,0,1,7,0,0,3,4,31,19.3,-7
44,2025-01-26,26-198,73102,1,97227,W (+10),1,37:00,12,25,.480,2,4,.500,9,9,1.000,1,4,5,1,3,0,2,1,35,25.5,-4
45,2025-01-29,26-201,73102,1,94103,L (-7),1,39:06,16,29,.552,2,6,.333,18,21,.857,0,3,3,4,1,0,3,4,52,37.0,+1
46,2025-02-01,26-204,73102,0,95814,W (+34),1,30:09,10,20,.500,1,6,.167,8,10,.800,3,3,6,9,0,2,4,2,29,24.1,+17
47,2025-02-03,26-206,73102,0,53203,W (+29),1,22:24,15,19,.789,2,3,.667,2,3,.667,0,3,3,6,0,0,3,1,34,28.0,+34
48,2025-02-05,26-208,73102,0,85004,W (+31),1,34:15,18,29,.621,3,7,.429,11,12,.917,2,6,8,5,2,1,1,3,50,43.7,+42
49,2025-02-07,26-210,73102,0,28202,W (+12),1,29:08,5,12,.417,1,6,.167,14,14,1.000,1,3,4,6,1,0,2,1,25,23.0,+15
50,2025-02-08,26-211,73102,1,38103,W (+13),1,33:54,8,26,.308,3,5,.600,13,16,.813,0,0,0,8,0,2,0,5,32,20.8,+18
51,437,52,2025-02-10,OKC,,NOP,W 137-101,*,30:33,10,20,.500,4,9,.444,6,11,.545,.600,7,8,.875,0,1,1,2,3,1,1,1,31,24.6,12
52,438,53,2025-02-12,OKC,,MIA,W 115-101,*,38:12,11,22,.500,4,9,.444,7,13,.538,.591,6,9,.667,1,4,5,9,2,0,1,4,32,27.4,19
53,439,54,2025-02-13,OKC,@,MIN,L 101-116,*,33:40,6,21,.286,1,2,.500,5,19,.263,.310,11,11,1.000,2,6,8,9,0,0,1,2,24,19.4,-12
54,440,55,2025-02-21,OKC,@,UTA,W 130-107,*,31:58,7,16,.438,1,4,.250,6,12,.500,.469,6,6,1.000,0,2,2,8,1,3,3,1,21,18.5,11
55,441,56,2025-02-23,OKC,@,MIN,W 130-123,*,38:07,13,24,.542,3,6,.500,10,18,.556,.604,8,11,.727,0,8,8,8,3,3,5,3,37,31.1,16
56,442,57,2025-02-24,OKC,,MIN,L 128-131 (OT),*,42:27,11,20,.550,3,5,.600,8,15,.533,.625,14,17,.824,1,9,10,8,0,0,4,5,39,31.2,2
57,443,58,2025-02-26,OKC,@,BRK,W 129-121,*,33:30,7,11,.636,1,2,.500,6,9,.667,.682,12,13,.923,2,4,6,5,2,0,3,2,27,26.0,-15
58,444,59,2025-02-28,OKC,@,ATL,W 135-119,*,34:25,12,23,.522,3,7,.429,9,16,.563,.587,4,4,1.000,0,3,3,5,2,0,1,0,31,25.1,23
59,445,60,2025-03-02,OKC,@,SAS,W 146-132,*,31:48,10,19,.526,3,5,.600,7,14,.500,.605,8,9,.889,2,2,4,8,1,2,0,1,31,30.9,15
60,446,61,2025-03-03,OKC,,HOU,W 137-128,*,35:38,18,30,.600,5,9,.556,13,21,.619,.683,10,10,1.000,2,3,5,7,1,1,2,1,51,43.7,6
61,447,62,2025-03-05,OKC,@,MEM,W 120-103,*,34:43,14,25,.560,3,5,.600,11,20,.550,.620,10,10,1.000,0,2,2,8,2,0,4,5,41,31.3,19
62,448,64,2025-03-09,OKC,,DEN,W 127-103,*,35:25,15,32,.469,2,11,.182,13,21,.619,.500,8,8,1.000,2,6,8,5,0,3,1,3,40,30.2,11
63,449,65,2025-03-10,OKC,,DEN,L 127-140,*,36:13,8,14,.571,3,7,.429,5,7,.714,.679,6,6,1.000,1,2,3,7,1,2,3,2,25,23.2,-18
64,450,66,2025-03-12,OKC,@,BOS,W 118-112,*,38:35,11,20,.550,2,7,.286,9,13,.692,.600,10,11,.909,1,4,5,7,1,0,5,3,34,25.6,3
65,451,67,2025-03-15,OKC,@,DET,W 113-107,*,37:55,17,26,.654,4,6,.667,13,20,.650,.731,10,10,1.000,0,4,4,6,3,1,2,1,48,43.3,18
66,452,68,2025-03-16,OKC,@,MIL,W 121-105,*,33:35,11,27,.407,0,5,.000,11,22,.500,.407,9,11,.818,1,1,2,8,0,1,1,1,31,21.6,8
